id,customer_id,product_id
1,19,1
2,4,5
3,6,7
4,11,1
5,14,1
6,8,1
7,19,4
8,13,6
9,19,5
10,11,1
11,18,3
12,6,4
13,4,7
14,20,5
15,15,2
16,18,2
17,11,1
18,11,3
19,13,7
20,12,2
21,18,6
22,14,4
23,12,4
24,17,5
25,3,2
26,13,3
27,3,4
28,20,1
29,9,1
30,16,2
31,19,3
32,14,5
33,15,2
34,7,7
35,18,3
36,10,6
37,14,7
38,7,2
39,8,3
40,19,5
41,19,2
42,5,5
43,10,6
44,8,4
45,18,5
46,11,4
47,10,4
48,6,4
49,14,5
50,14,1
51,7,1
52,18,1
53,8,7
54,13,1
55,13,4
56,17,1
57,14,7
58,11,1
59,18,7
60,14,5
61,10,4
62,19,6
63,3,5
64,19,7
65,19,5
66,6,3
67,14,3
68,2,3
69,16,5
70,14,2
71,15,7
72,6,3
73,6,3
74,8,2
75,14,1
76,12,2
77,18,6
78,6,2
79,17,6
80,3,6
81,16,2
82,2,4
83,9,4
84,5,3
85,20,2
86,12,2
87,11,6
88,12,2
89,16,5
90,17,3
91,13,4
92,3,5
93,15,5
94,10,1
95,1,2
96,20,2
97,15,6
98,18,2
99,16,1
100,1,4
101,18,1
102,5,1
103,20,3
104,15,6
105,7,5
106,15,7
107,14,7
108,9,5
109,4,6
110,3,5
111,18,6
112,1,7
113,10,5
114,7,6
115,13,7
116,6,2
117,14,3
118,3,4
119,6,5
120,7,4
121,11,2
122,6,2
123,20,5
124,9,3
125,4,7
126,8,5
127,8,5
128,14,4
129,3,3
130,3,1
131,17,1
132,3,3
133,13,2
134,6,6
135,17,7
136,2,4
137,15,7
138,8,6
139,17,1
140,14,3
141,11,5
142,2,3
143,19,2
144,1,4
145,12,1
146,9,5
147,6,5
148,12,2
149,20,3
150,6,1
151,5,7
152,5,3
153,6,6
154,18,6
155,4,4
156,12,7
157,20,5
158,13,7
159,10,7
160,13,2
161,10,4
162,14,6
163,16,4
164,3,7
165,20,7
166,15,7
167,15,6
168,4,3
169,1,5
170,2,5
171,6,6
172,12,5
173,8,3
174,17,4
175,3,6
176,14,5
177,17,3
178,9,4
179,7,6
180,18,3
181,11,6
182,12,2
183,19,1
184,7,3
185,2,2
186,5,6
187,4,2
188,20,5
189,20,6
190,3,2
191,13,7
192,14,6
193,18,6
194,12,3
195,19,3
196,4,4
197,7,1
198,5,7
199,18,7
200,12,7
201,1,2
202,20,3
203,4,3
204,10,7
205,14,2
206,1,2
207,19,3
208,7,6
209,2,1
210,18,7
211,19,5
212,3,4
213,3,1
214,9,5
215,1,3
216,2,3
217,11,4
218,19,6
219,5,3
220,7,2
221,13,2
222,18,1
223,1,6
224,9,7
225,9,3
226,18,2
227,8,5
228,10,1
229,12,1
230,3,4
231,5,3
232,19,1
233,7,1
234,13,4
235,19,1
236,2,5
237,10,1
238,8,4
239,19,3
240,14,2
241,1,1
242,9,7
243,13,3
244,9,5
245,13,6
246,3,5
247,2,4
248,8,5
249,16,2
250,19,2
251,1,1
252,17,2
253,2,1
254,5,5
255,3,4
256,20,3
257,1,5
258,14,4
259,19,4
260,11,1
261,13,3
262,4,7
263,7,5
264,1,3
265,19,6
266,10,2
267,2,4
268,14,6
269,20,5
270,14,4
271,12,5
272,4,1
273,5,4
274,8,7
275,19,3
276,1,5
277,15,3
278,16,7
279,12,2
280,19,7
281,9,6
282,8,7
283,4,5
284,14,3
285,3,2
286,13,5
287,9,7
288,4,7
289,1,5
290,15,1
291,15,3
292,13,2
293,11,3
294,6,4
295,19,5
296,10,1
297,15,6
298,20,4
299,6,3
300,14,4
301,4,6
302,17,6
303,17,2
304,16,6
305,20,4
306,9,2
307,4,1
308,19,2
309,7,1
310,7,3
311,13,3
312,8,3
313,7,4
314,16,5
315,20,5
316,20,2
317,19,3
318,10,5
319,5,6
320,8,1
321,13,1
322,14,6
323,6,2
324,9,5
325,9,4
326,14,6
327,7,7
328,13,7
329,9,4
330,10,6
331,1,1
332,10,3
333,2,1
334,20,5
335,20,2
336,5,3
337,9,4
338,11,2
339,1,5
340,20,6
341,16,3
342,2,7
343,3,3
344,10,1
345,4,7
346,9,5
347,11,1
348,8,2
349,13,7
350,20,6
351,17,4
352,6,3
353,20,5
354,20,1
355,3,2
356,5,5
357,6,2
358,9,5
359,10,3
360,6,1
361,4,2
362,1,1
363,11,1
364,4,5
365,2,1
366,9,2
367,7,5
368,13,7
369,17,1
370,18,4
371,1,5
372,9,1
373,2,4
374,20,7
375,19,2
376,12,7
377,1,7
378,18,2
379,18,6
380,11,6
381,10,6
382,4,3
383,5,7
384,14,1
385,15,2
386,16,1
387,6,7
388,11,1
389,16,4
390,15,7
391,2,1
392,15,1
393,15,1
394,1,7
395,2,1
396,12,3
397,12,1
398,14,7
399,15,2
400,19,6
401,2,7
402,9,1
403,18,1
404,17,3
405,15,6
406,5,7
407,14,7
408,9,6
409,2,1
410,3,2
411,3,3
412,16,4
413,15,3
414,10,7
415,1,7
416,14,5
417,7,1
418,13,5
419,2,5
420,2,1
421,8,6
422,18,2
423,19,4
424,4,5
425,4,2
426,14,3
427,15,2
428,15,7
429,12,2
430,5,4
431,2,7
432,13,4
433,3,6
434,14,4
435,1,5
436,2,7
437,6,3
438,4,2
439,12,3
440,14,5
441,15,4
442,6,1
443,2,5
444,13,7
445,10,2
446,1,7
447,18,7
448,20,7
449,9,3
450,5,7
451,20,6
452,12,5
453,16,6
454,20,4
455,7,7
456,2,3
457,9,4
458,7,5
459,10,7
460,19,1
461,19,2
462,8,1
463,19,6
464,2,2
465,12,3
466,3,4
467,9,5
468,5,6
469,1,7
470,18,2
471,18,7
472,6,5
473,1,5
474,18,6
475,7,6
476,2,5
477,5,7
478,16,6
479,18,7
480,18,5
481,1,6
482,10,2
483,20,7
484,7,1
485,19,3
486,4,2
487,1,5
488,2,5
489,2,6
490,1,3
491,8,6
492,11,4
493,7,5
494,7,2
495,8,7
496,11,6
497,8,1
498,2,3
499,4,7
500,8,4
501,11,3
502,18,4
503,19,2
504,10,2
505,3,4
506,9,4
507,6,5
508,14,1
509,2,7
510,12,2
511,5,6
512,5,6
513,7,3
514,14,6
515,10,3
516,15,4
517,11,1
518,20,3
519,6,2
520,11,5
521,9,6
522,14,3
523,17,2
524,10,4
525,15,5
526,1,1
527,16,6
528,11,5
529,6,3
530,4,3
531,7,5
532,7,1
533,13,1
534,2,1
535,18,7
536,19,2
537,13,1
538,20,7
539,9,2
540,17,1
541,1,7
542,3,5
543,12,3
544,8,6
545,10,3
546,10,2
547,12,6
548,14,5
549,8,4
550,3,6
551,8,1
552,16,1
553,12,6
554,8,1
555,13,2
556,1,3
557,16,3
558,17,7
559,9,7
560,15,3
561,4,6
562,9,2
563,4,5
564,20,4
565,16,5
566,17,6
567,2,3
568,2,7
569,20,6
570,2,7
571,15,4
572,7,4
573,2,4
574,6,3
575,17,3
576,12,4
577,8,4
578,1,2
579,2,5
580,20,4
581,19,1
582,2,3
583,12,7
584,18,6
585,2,6
586,8,4
587,9,6
588,3,5
589,6,3
590,9,1
591,8,4
592,10,5
593,14,3
594,8,5
595,13,2
596,18,5
597,20,6
598,3,1
599,14,1
600,19,6
601,18,2
602,7,3
603,20,5
604,7,1
605,4,1
606,7,5
607,5,7
608,19,1
609,20,1
610,14,4
611,15,2
612,2,1
613,6,2
614,6,1
615,12,1
616,3,5
617,20,7
618,10,7
619,11,5
620,6,4
621,16,1
622,17,2
623,17,6
624,4,5
625,5,6
626,12,6
627,1,1
628,8,5
629,3,6
630,11,3
631,18,3
632,5,7
633,11,3
634,10,3
635,7,6
636,20,7
637,10,5
638,6,7
639,12,6
640,4,3
641,12,4
642,13,6
643,4,6
644,3,6
645,10,4
646,11,4
647,19,1
648,5,2
649,17,3
650,9,7
651,12,3
652,11,7
653,18,6
654,18,5
655,2,2
656,3,1
657,5,7
658,13,7
659,11,2
660,17,6
661,11,6
662,11,2
663,14,3
664,15,3
665,4,6
666,1,4
667,15,2
668,19,2
669,6,2
670,17,2
671,20,5
672,3,2
673,16,4
674,2,7
675,17,2
676,3,4
677,20,2
678,15,3
679,3,3
680,1,7
681,2,1
682,2,5
683,14,6
684,4,6
685,11,6
686,9,5
687,13,6
688,3,5
689,9,7
690,20,5
691,19,6
692,19,4
693,9,5
694,17,6
695,10,6
696,7,5
697,1,1
698,19,2
699,9,5
700,6,4
701,5,7
702,1,1
703,13,6
704,19,2
705,11,7
706,17,3
707,17,4
708,9,6
709,6,5
710,13,2
711,6,1
712,6,5
713,20,1
714,12,7
715,2,7
716,13,6
717,1,1
718,17,5
719,11,5
720,7,6
721,16,5
722,11,1
723,16,2
724,1,6
725,3,7
726,8,4
727,19,4
728,17,6
729,6,7
730,13,1
731,2,4
732,5,2
733,11,1
734,16,5
735,8,3
736,2,1
737,5,3
738,13,2
739,1,6
740,17,4
741,1,6
742,17,1
743,11,7
744,17,2
745,18,6
746,2,4
747,10,3
748,11,3
749,20,1
750,12,6
751,3,1
752,9,4
753,3,5
754,19,2
755,3,1
756,18,7
757,2,1
758,7,7
759,19,6
760,3,1
761,3,3
762,9,6
763,6,4
764,20,5
765,13,2
766,9,6
767,9,2
768,6,1
769,15,1
770,19,7
771,20,3
772,12,2
773,10,5
774,5,2
775,20,4
776,14,2
777,6,2
778,4,6
779,4,4
780,1,3
781,19,1
782,8,7
783,1,1
784,11,6
785,6,4
786,10,3
787,16,7
788,19,3
789,4,4
790,9,5
791,11,2
792,5,2
793,17,7
794,7,4
795,20,6
796,8,7
797,5,2
798,18,7
799,3,2
800,7,1
801,16,7
802,20,5
803,7,1
804,2,5
805,13,4
806,6,6
807,6,6
808,19,1
809,15,2
810,4,1
811,6,3
812,18,2
813,7,5
814,4,1
815,11,3
816,19,3
817,6,2
818,1,5
819,6,1
820,5,2
821,15,1
822,9,6
823,2,3
824,4,2
825,13,2
826,13,3
827,10,2
828,1,6
829,5,5
830,10,5
831,8,2
832,7,6
833,17,7
834,10,5
835,17,2
836,6,5
837,13,6
838,20,6
839,1,7
840,9,1
841,19,6
842,3,1
843,1,7
844,1,2
845,12,1
846,7,1
847,4,4
848,14,7
849,4,6
850,10,7
851,19,7
852,2,6
853,11,7
854,5,2
855,16,1
856,17,2
857,3,3
858,8,7
859,11,4
860,12,4
861,14,1
862,4,7
863,9,4
864,7,4
865,14,5
866,11,5
867,3,3
868,6,6
869,12,4
870,5,1
871,5,2
872,10,6
873,3,3
874,18,6
875,13,3
876,16,1
877,7,4
878,9,7
879,16,4
880,7,5
881,10,5
882,15,7
883,10,4
884,16,5
885,14,3
886,20,2
887,20,6
888,11,5
889,4,2
890,16,7
891,14,2
892,8,4
893,5,5
894,14,1
895,19,6
896,3,5
897,6,5
898,12,1
899,11,6
900,19,6
901,7,3
902,8,5
903,9,2
904,8,1
905,3,6
906,2,2
907,13,7
908,8,7
909,11,5
910,1,5
911,11,6
912,10,7
913,16,6
914,4,2
915,19,1
916,19,4
917,16,7
918,18,5
919,1,7
920,9,4
921,13,6
922,17,2
923,4,2
924,1,1
925,17,5
926,11,7
927,19,5
928,10,4
929,6,6
930,19,1
931,13,3
932,19,3
933,6,6
934,9,6
935,17,5
936,4,6
937,5,1
938,10,7
939,18,7
940,9,1
941,13,4
942,20,3
943,15,7
944,17,7
945,1,2
946,16,5
947,14,4
948,18,4
949,8,5
950,13,2
951,8,3
952,4,2
953,12,4
954,5,7
955,3,5
956,3,4
957,14,6
958,8,2
959,20,3
960,17,4
961,17,5
962,8,2
963,16,3
964,14,7
965,13,6
966,12,2
967,19,3
968,3,1
969,14,6
970,4,3
971,3,5
972,3,6
973,8,6
974,17,5
975,14,6
976,11,3
977,19,3
978,5,6
979,14,3
980,1,3
981,18,2
982,12,4
983,17,4
984,5,3
985,8,5
986,14,5
987,7,3
988,1,1
989,8,3
990,4,3
991,13,1
992,10,1
993,11,4
994,14,5
995,9,5
996,19,2
997,1,4
998,19,6
999,18,3
1000,5,7
1001,2,3
1002,4,6
1003,12,7
1004,4,4
1005,19,5
1006,16,7
1007,19,4
1008,18,6
1009,13,5
1010,1,1
1011,9,6
1012,17,3
1013,15,1
1014,15,3
1015,10,1
1016,15,6
1017,14,5
1018,5,1
1019,6,4
1020,18,2
1021,16,1
1022,10,3
1023,6,4
1024,4,5
1025,19,1
1026,3,7
1027,19,4
1028,17,2
1029,1,2
1030,17,2
1031,18,1
1032,3,1
1033,14,6
1034,19,5
1035,11,1
1036,17,6
1037,20,4
1038,11,5
1039,6,4
1040,8,4
1041,12,7
1042,1,6
1043,7,1
1044,14,5
1045,17,5
1046,8,3
1047,10,4
1048,11,3
1049,9,6
1050,10,6
1051,12,1
1052,11,3
1053,3,2
1054,19,1
1055,5,5
1056,11,3
1057,20,4
1058,7,4
1059,8,2
1060,11,1
1061,3,1
1062,19,6
1063,5,3
1064,7,4
1065,10,1
1066,15,2
1067,15,5
1068,17,2
1069,1,6
1070,9,5
1071,17,6
1072,16,7
1073,7,7
1074,18,7
1075,6,4
1076,5,1
1077,12,3
1078,17,1
1079,13,1
1080,5,5
1081,6,7
1082,20,6
1083,14,5
1084,17,4
1085,18,2
1086,8,2
1087,14,2
1088,8,2
1089,5,4
1090,15,7
1091,1,4
1092,9,7
1093,14,6
1094,4,1
1095,7,2
1096,4,2
1097,16,4
1098,20,4
1099,16,2
1100,10,2
1101,17,1
1102,18,7
1103,6,5
1104,16,1
1105,7,5
1106,4,1
1107,13,4
1108,18,4
1109,18,5
1110,19,4
1111,9,6
1112,5,7
1113,18,2
1114,11,7
1115,18,7
1116,14,5
1117,12,5
1118,1,6
1119,2,4
1120,15,2
1121,5,4
1122,11,3
1123,18,6
1124,10,1
1125,15,2
1126,14,1
1127,8,5
1128,5,3
1129,13,5
1130,12,3
1131,1,7
1132,6,4
1133,10,5
1134,18,6
1135,4,5
1136,17,5
1137,10,5
1138,1,7
1139,4,3
1140,9,4
1141,4,7
1142,10,2
1143,14,4
1144,15,6
1145,9,3
1146,18,6
1147,19,5
1148,6,7
1149,19,3
1150,18,2
1151,7,2
1152,4,4
1153,19,1
1154,10,1
1155,20,6
1156,18,4
1157,1,3
1158,8,2
1159,18,7
1160,17,6
1161,20,1
1162,2,3
1163,8,7
1164,14,2
1165,16,2
1166,13,6
1167,4,4
1168,20,2
1169,20,3
1170,13,6
1171,5,7
1172,4,2
1173,14,2
1174,18,2
1175,2,6
1176,17,4
1177,11,7
1178,14,2
1179,4,6
1180,10,3
1181,1,1
1182,20,3
1183,14,5
1184,14,3
1185,8,5
1186,12,1
1187,9,2
1188,7,6
1189,15,2
1190,14,1
1191,4,7
1192,11,7
1193,5,6
1194,2,7
1195,12,5
1196,17,5
1197,9,5
1198,7,7
1199,10,1
1200,3,3
1201,10,6
1202,11,6
1203,20,1
1204,4,5
1205,16,4
1206,19,1
1207,18,2
1208,5,3
1209,14,1
1210,5,2
1211,20,1
1212,13,5
1213,16,6
1214,4,7
1215,15,6
1216,8,2
1217,11,5
1218,12,7
1219,5,2
1220,14,2
1221,16,2
1222,16,4
1223,9,7
1224,18,2
1225,8,6
1226,10,7
1227,13,5
1228,14,2
1229,10,7
1230,18,2
1231,3,7
1232,16,3
1233,18,6
1234,9,1
1235,16,4
1236,3,4
1237,1,5
1238,18,6
1239,6,6
1240,16,7
1241,14,6
1242,15,7
1243,12,2
1244,6,7
1245,1,3
1246,20,3
1247,3,4
1248,20,5
1249,10,4
1250,6,2
1251,11,1
1252,20,4
1253,12,2
1254,20,2
1255,9,1
1256,2,3
1257,13,7
1258,18,4
1259,6,2
1260,1,4
1261,13,4
1262,3,4
1263,13,1
1264,11,4
1265,11,4
1266,3,1
1267,11,1
1268,13,7
1269,15,1
1270,1,4
1271,3,6
1272,5,7
1273,4,2
1274,4,7
1275,4,5
1276,7,2
1277,12,6
1278,12,4
1279,16,1
1280,2,6
1281,7,3
1282,15,7
1283,6,3
1284,18,3
1285,4,3
1286,1,2
1287,18,7
1288,15,3
1289,12,4
1290,12,4
1291,1,3
1292,17,5
1293,14,6
1294,12,1
1295,11,1
1296,18,6
1297,14,2
1298,7,6
1299,15,3
1300,3,4
1301,6,1
1302,4,5
1303,20,5
1304,4,2
1305,3,6
1306,20,4
1307,15,2
1308,7,1
1309,4,1
1310,2,5
1311,9,7
1312,8,2
1313,3,3
1314,17,1
1315,12,5
1316,17,6
1317,2,7
1318,15,1
1319,13,6
1320,6,5
1321,14,3
1322,19,4
1323,10,7
1324,15,6
1325,19,1
1326,18,2
1327,6,7
1328,19,3
1329,4,4
1330,7,7
1331,6,2
1332,11,3
1333,8,2
1334,17,7
1335,4,6
1336,13,6
1337,19,3
1338,2,6
1339,9,3
1340,4,7
1341,5,6
1342,14,4
1343,8,3
1344,15,2
1345,2,5
1346,15,4
1347,11,6
1348,4,3
1349,11,2
1350,9,2
1351,6,6
1352,10,4
1353,6,2
1354,15,3
1355,11,6
1356,11,6
1357,7,4
1358,13,2
1359,14,7
1360,16,7
1361,1,1
1362,5,6
1363,16,6
1364,8,1
1365,11,7
1366,4,1
1367,19,1
1368,11,3
1369,8,4
1370,5,6
1371,3,6
1372,18,3
1373,2,1
1374,8,7
1375,20,6
1376,3,6
1377,1,6
1378,18,7
1379,7,3
1380,3,3
1381,20,7
1382,14,1
1383,2,2
1384,8,1
1385,12,6
1386,8,6
1387,10,1
1388,14,5
1389,8,7
1390,20,1
1391,3,6
1392,15,1
1393,20,2
1394,20,1
1395,16,3
1396,15,2
1397,16,4
1398,10,2
1399,2,2
1400,15,7
1401,19,1
1402,2,6
1403,13,1
1404,19,2
1405,3,6
1406,19,2
1407,1,4
1408,8,3
1409,6,3
1410,13,2
1411,20,5
1412,18,1
1413,15,7
1414,11,3
1415,20,7
1416,1,6
1417,20,7
1418,2,7
1419,2,7
1420,5,3
1421,17,3
1422,15,7
1423,8,1
1424,8,4
1425,10,1
1426,3,2
1427,17,3
1428,14,1
1429,6,2
1430,13,6
1431,15,1
1432,16,2
1433,6,5
1434,4,7
1435,15,6
1436,13,5
1437,20,4
1438,6,6
1439,15,7
1440,19,5
1441,14,7
1442,1,1
1443,10,5
1444,14,1
1445,7,1
1446,1,7
1447,17,5
1448,14,1
1449,10,3
1450,14,3
1451,2,4
1452,4,5
1453,4,4
1454,11,2
1455,20,2
1456,20,4
1457,2,4
1458,2,6
1459,19,7
1460,8,5
1461,10,2
1462,16,3
1463,16,5
1464,19,3
1465,12,2
1466,8,5
1467,20,4
1468,20,2
1469,6,3
1470,13,2
1471,16,2
1472,10,2
1473,14,4
1474,10,1
1475,14,5
1476,8,6
1477,9,1
1478,1,3
1479,3,2
1480,18,7
1481,2,7
1482,12,5
1483,5,2
1484,3,4
1485,20,6
1486,14,2
1487,8,5
1488,11,3
1489,10,1
1490,17,4
1491,11,5
1492,7,2
1493,20,4
1494,20,6
1495,9,1
1496,11,6
1497,16,4
1498,15,6
1499,4,6
1500,11,1
1501,18,4
1502,18,7
1503,5,7
1504,10,6
1505,4,5
1506,16,7
1507,2,5
1508,15,1
1509,14,1
1510,9,1
1511,16,6
1512,18,7
1513,4,2
1514,12,2
1515,7,7
1516,15,3
1517,18,3
1518,2,4
1519,20,2
1520,11,6
1521,3,4
1522,2,6
1523,20,6
1524,6,4
1525,17,6
1526,12,4
1527,9,5
1528,20,2
1529,10,6
1530,12,5
1531,2,1
1532,17,5
1533,7,5
1534,17,1
1535,12,1
1536,1,7
1537,10,1
1538,5,4
1539,8,7
1540,15,2
1541,19,6
1542,17,2
1543,3,2
1544,20,7
1545,6,4
1546,18,5
1547,9,7
1548,16,2
1549,6,3
1550,9,4
1551,7,6
1552,3,6
1553,4,3
1554,4,6
1555,17,1
1556,6,4
1557,18,7
1558,18,4
1559,6,5
1560,14,6
1561,11,6
1562,8,7
1563,11,1
1564,13,2
1565,1,1
1566,18,4
1567,2,6
1568,14,4
1569,20,2
1570,7,7
1571,4,1
1572,18,4
1573,16,3
1574,15,6
1575,19,7
1576,4,7
1577,15,2
1578,9,6
1579,15,3
1580,20,6
1581,16,1
1582,20,5
1583,9,2
1584,1,4
1585,4,1
1586,19,1
1587,11,5
1588,1,5
1589,8,7
1590,19,6
1591,7,2
1592,11,2
1593,19,2
1594,13,6
1595,3,6
1596,10,2
1597,1,4
1598,7,1
1599,4,7
1600,16,3
1601,15,3
1602,7,1
1603,3,7
1604,5,4
1605,1,4
1606,16,3
1607,14,7
1608,18,5
1609,14,3
1610,14,5
1611,17,3
1612,14,5
1613,4,1
1614,8,2
1615,11,4
1616,16,3
1617,4,1
1618,8,6
1619,17,4
1620,7,6
1621,8,4
1622,2,3
1623,10,4
1624,4,3
1625,13,7
1626,15,7
1627,18,5
1628,15,6
1629,11,7
1630,18,1
1631,10,3
1632,19,7
1633,10,2
1634,14,6
1635,5,1
1636,8,3
1637,7,2
1638,2,1
1639,4,2
1640,12,7
1641,8,4
1642,5,1
1643,1,1
1644,16,1
1645,10,4
1646,6,7
1647,6,2
1648,6,2
1649,13,2
1650,11,1
1651,20,3
1652,1,5
1653,10,1
1654,4,6
1655,4,1
1656,13,4
1657,1,3
1658,15,1
1659,7,6
1660,6,6
1661,8,5
1662,6,1
1663,10,5
1664,6,6
1665,20,4
1666,3,4
1667,1,3
1668,9,1
1669,1,2
1670,1,1
1671,1,5
1672,17,4
1673,6,1
1674,9,5
1675,1,7
1676,8,3
1677,18,7
1678,12,7
1679,17,4
1680,11,2
1681,16,2
1682,14,5
1683,13,5
1684,6,6
1685,11,6
1686,16,2
1687,7,3
1688,13,3
1689,11,1
1690,12,2
1691,5,4
1692,10,7
1693,6,6
1694,3,4
1695,18,1
1696,3,7
1697,5,7
1698,14,3
1699,15,4
1700,20,5
1701,20,1
1702,10,6
1703,20,7
1704,5,6
1705,7,7
1706,12,4
1707,13,6
1708,7,5
1709,3,6
1710,9,6
1711,15,7
1712,6,4
1713,14,4
1714,14,5
1715,14,5
1716,17,7
1717,12,6
1718,19,4
1719,8,7
1720,12,6
1721,15,7
1722,12,4
1723,7,3
1724,19,3
1725,16,6
1726,3,1
1727,15,3
1728,9,6
1729,8,6
1730,12,5
1731,7,2
1732,14,6
1733,13,5
1734,17,3
1735,7,5
1736,7,3
1737,8,6
1738,17,6
1739,20,1
1740,2,4
1741,5,1
1742,5,5
1743,7,3
1744,1,6
1745,7,3
1746,16,4
1747,12,4
1748,11,4
1749,13,6
1750,3,5
1751,18,2
1752,19,4
1753,11,7
1754,5,6
1755,13,6
1756,12,3
1757,8,2
1758,6,3
1759,7,5
1760,7,3
1761,14,4
1762,2,5
1763,20,5
1764,17,1
1765,5,2
1766,15,1
1767,14,4
1768,13,5
1769,15,6
1770,7,5
1771,15,7
1772,9,7
1773,17,4
1774,7,3
1775,13,5
1776,5,4
1777,3,6
1778,6,2
1779,14,6
1780,14,6
1781,14,2
1782,2,7
1783,4,2
1784,13,6
1785,14,6
1786,17,4
1787,3,2
1788,11,1
1789,7,6
1790,3,2
1791,19,5
1792,20,1
1793,12,7
1794,4,6
1795,12,4
1796,16,1
1797,5,4
1798,20,1
1799,10,2
1800,5,7
1801,5,5
1802,11,4
1803,20,5
1804,15,4
1805,2,3
1806,13,4
1807,10,7
1808,2,5
1809,14,1
1810,10,2
1811,7,1
1812,19,7
1813,5,2
1814,12,3
1815,16,7
1816,13,5
1817,2,4
1818,14,7
1819,5,2
1820,14,1
1821,15,1
1822,12,3
1823,6,7
1824,9,4
1825,17,5
1826,4,4
1827,16,4
1828,13,7
1829,10,2
1830,11,7
1831,19,1
1832,2,7
1833,1,7
1834,4,5
1835,12,2
1836,9,5
1837,10,1
1838,16,7
1839,13,3
1840,6,4
1841,13,3
1842,13,1
1843,17,5
1844,4,2
1845,17,3
1846,15,7
1847,17,7
1848,16,7
1849,2,5
1850,18,2
1851,19,6
1852,5,3
1853,20,6
1854,18,2
1855,20,2
1856,6,5
1857,10,2
1858,2,4
1859,6,4
1860,7,4
1861,4,7
1862,1,4
1863,2,4
1864,18,6
1865,8,4
1866,1,3
1867,4,6
1868,5,5
1869,16,4
1870,19,2
1871,16,2
1872,15,4
1873,6,2
1874,18,4
1875,5,4
1876,1,7
1877,3,3
1878,14,2
1879,20,3
1880,18,4
1881,15,2
1882,19,7
1883,5,7
1884,5,4
1885,9,1
1886,2,6
1887,5,1
1888,1,7
1889,12,7
1890,9,3
1891,11,5
1892,4,6
1893,17,5
1894,10,7
1895,10,4
1896,17,3
1897,19,2
1898,7,7
1899,18,3
1900,19,1
1901,17,4
1902,15,4
1903,1,7
1904,20,6
1905,18,4
1906,10,6
1907,4,2
1908,15,2
1909,11,1
1910,2,5
1911,3,5
1912,2,6
1913,2,1
1914,8,5
1915,8,4
1916,13,5
1917,13,5
1918,16,1
1919,3,3
1920,10,2
1921,2,2
1922,18,7
1923,11,4
1924,7,7
1925,4,2
1926,4,1
1927,1,7
1928,1,1
1929,3,2
1930,12,7
1931,13,2
1932,17,7
1933,5,6
1934,9,3
1935,4,6
1936,1,1
1937,15,1
1938,10,6
1939,7,5
1940,1,1
1941,8,1
1942,3,5
1943,15,3
1944,17,6
1945,3,4
1946,4,7
1947,20,1
1948,10,4
1949,13,1
1950,10,7
1951,17,7
1952,20,2
1953,8,5
1954,5,4
1955,3,2
1956,15,7
1957,17,6
1958,6,4
1959,17,5
1960,5,3
1961,8,5
1962,11,3
1963,1,7
1964,4,1
1965,17,7
1966,7,4
1967,18,6
1968,6,3
1969,8,6
1970,1,6
1971,6,1
1972,6,6
1973,4,1
1974,10,6
1975,12,2
1976,7,3
1977,14,7
1978,15,2
1979,11,2
1980,3,1
1981,8,3
1982,6,7
1983,19,7
1984,10,1
1985,1,1
1986,6,6
1987,12,7
1988,16,6
1989,19,5
1990,3,7
1991,3,1
1992,13,5
1993,11,2
1994,2,1
1995,9,2
1996,14,2
1997,8,2
1998,7,4
1999,12,1
2000,18,2
2001,2,5
2002,9,1
2003,19,4
2004,7,5
2005,5,3
2006,11,2
2007,15,3
2008,4,6
2009,11,5
2010,6,4
2011,12,4
2012,19,5
2013,4,7
2014,11,2
2015,8,2
2016,9,4
2017,6,7
2018,15,3
2019,19,7
2020,18,2
2021,7,3
2022,1,7
2023,11,4
2024,18,5
2025,18,3
2026,11,5
2027,13,5
2028,2,6
2029,14,5
2030,7,3
2031,14,4
2032,17,1
2033,19,7
2034,14,4
2035,4,1
2036,2,2
2037,14,7
2038,18,2
2039,8,6
2040,5,5
2041,9,1
2042,10,2
2043,18,2
2044,1,6
2045,3,5
2046,19,3
2047,18,3
2048,18,3
2049,5,4
2050,7,6
2051,6,4
2052,19,4
2053,19,2
2054,5,4
2055,6,4
2056,5,6
2057,10,2
2058,20,3
2059,12,4
2060,15,2
2061,14,2
2062,12,1
2063,19,5
2064,1,7
2065,7,6
2066,6,5
2067,12,2
2068,10,5
2069,19,6
2070,19,7
2071,13,2
2072,15,1
2073,3,2
2074,12,4
2075,12,1
2076,16,4
2077,8,3
2078,9,5
2079,15,6
2080,10,7
2081,6,5
2082,12,2
2083,5,7
2084,3,4
2085,10,6
2086,12,3
2087,18,5
2088,3,3
2089,16,3
2090,20,4
2091,10,6
2092,1,2
2093,11,1
2094,1,1
2095,13,7
2096,9,5
2097,17,6
2098,9,2
2099,17,2
2100,5,3
2101,14,6
2102,7,5
2103,1,3
2104,1,5
2105,15,3
2106,17,6
2107,15,3
2108,2,1
2109,19,1
2110,2,1
2111,19,1
2112,16,6
2113,3,5
2114,12,7
2115,2,1
2116,17,2
2117,17,4
2118,13,6
2119,11,5
2120,12,5
2121,2,3
2122,19,3
2123,11,1
2124,5,6
2125,13,5
2126,18,6
2127,10,3
2128,16,1
2129,17,5
2130,6,2
2131,7,2
2132,9,3
2133,5,5
2134,19,3
2135,2,6
2136,19,2
2137,11,6
2138,9,2
2139,8,1
2140,18,3
2141,11,7
2142,5,5
2143,2,6
2144,10,2
2145,2,6
2146,6,6
2147,3,5
2148,2,2
2149,14,6
2150,3,4
2151,16,7
2152,17,5
2153,2,2
2154,9,3
2155,17,3
2156,17,2
2157,18,4
2158,1,5
2159,3,5
2160,8,5
2161,17,5
2162,1,3
2163,1,7
2164,1,1
2165,16,4
2166,13,5
2167,4,2
2168,15,6
2169,10,2
2170,4,1
2171,14,1
2172,1,1
2173,20,7
2174,5,5
2175,13,1
2176,5,3
2177,15,3
2178,1,1
2179,7,7
2180,11,5
2181,16,6
2182,16,5
2183,3,2
2184,19,1
2185,19,4
2186,15,3
2187,11,3
2188,13,2
2189,17,4
2190,4,2
2191,8,4
2192,4,3
2193,5,5
2194,18,6
2195,7,3
2196,17,3
2197,4,6
2198,7,7
2199,6,7
2200,7,2
2201,1,3
2202,16,6
2203,20,5
2204,3,1
2205,17,4
2206,19,2
2207,2,3
2208,11,4
2209,11,6
2210,13,7
2211,13,6
2212,7,7
2213,8,6
2214,10,3
2215,10,6
2216,16,6
2217,3,5
2218,2,7
2219,15,4
2220,16,1
2221,7,7
2222,5,6
2223,1,5
2224,3,5
2225,19,6
2226,16,3
2227,12,4
2228,5,3
2229,10,1
2230,1,6
2231,14,6
2232,9,3
2233,11,2
2234,10,7
2235,1,6
2236,4,2
2237,19,7
2238,9,4
2239,18,1
2240,8,7
2241,14,5
2242,19,2
2243,16,5
2244,15,6
2245,10,6
2246,2,5
2247,20,5
2248,5,4
2249,20,1
2250,14,2
2251,9,7
2252,20,1
2253,14,4
2254,18,6
2255,16,4
2256,12,2
2257,2,1
2258,19,1
2259,7,2
2260,14,7
2261,6,4
2262,2,3
2263,10,2
2264,12,2
2265,17,1
2266,13,5
2267,3,2
2268,6,5
2269,15,1
2270,12,4
2271,8,6
2272,13,5
2273,4,4
2274,11,4
2275,18,5
2276,14,1
2277,9,7
2278,3,2
2279,5,1
2280,17,3
2281,8,3
2282,6,1
2283,12,3
2284,16,3
2285,2,4
2286,6,5
2287,15,7
2288,11,1
2289,5,5
2290,5,2
2291,16,7
2292,20,2
2293,17,6
2294,10,5
2295,1,5
2296,13,1
2297,16,5
2298,1,5
2299,18,5
2300,7,4
2301,11,6
2302,5,2
2303,20,4
2304,6,4
2305,18,6
2306,2,1
2307,14,4
2308,10,5
2309,18,3
2310,20,5
2311,1,7
2312,8,1
2313,5,7
2314,2,3
2315,2,7
2316,17,6
2317,17,6
2318,10,3
2319,8,7
2320,6,1
2321,11,1
2322,14,6
2323,1,2
2324,11,2
2325,10,4
2326,13,5
2327,20,4
2328,8,5
2329,5,1
2330,20,3
2331,20,4
2332,2,6
2333,10,1
2334,7,2
2335,5,4
2336,13,3
2337,4,5
2338,8,1
2339,9,1
2340,19,7
2341,17,6
2342,2,2
2343,2,3
2344,15,1
2345,8,3
2346,5,2
2347,13,3
2348,1,4
2349,10,5
2350,12,1
2351,20,7
2352,17,5
2353,6,7
2354,9,7
2355,11,2
2356,2,4
2357,1,1
2358,8,1
2359,1,4
2360,4,6
2361,13,5
2362,14,3
2363,13,1
2364,6,6
2365,15,7
2366,5,3
2367,8,1
2368,16,4
2369,20,4
2370,1,1
2371,11,3
2372,17,6
2373,9,2
2374,7,2
2375,2,7
2376,11,2
2377,16,6
2378,15,6
2379,10,6
2380,5,4
2381,13,4
2382,12,3
2383,3,2
2384,20,5
2385,6,1
2386,6,4
2387,19,1
2388,2,4
2389,7,6
2390,9,6
2391,10,7
2392,8,6
2393,10,6
2394,3,1
2395,8,5
2396,5,6
2397,5,1
2398,8,4
2399,18,6
2400,6,3
2401,6,7
2402,15,6
2403,11,4
2404,20,5
2405,4,2
2406,12,6
2407,3,2
2408,6,5
2409,17,6
2410,13,3
2411,8,6
2412,1,6
2413,6,1
2414,19,1
2415,1,5
2416,11,5
2417,11,4
2418,8,5
2419,1,5
2420,15,3
2421,11,2
2422,20,6
2423,11,1
2424,13,1
2425,20,4
2426,17,7
2427,1,2
2428,16,7
2429,17,1
2430,10,6
2431,8,4
2432,20,5
2433,10,5
2434,10,7
2435,12,2
2436,9,2
2437,16,2
2438,18,2
2439,17,4
2440,5,4
2441,8,6
2442,4,7
2443,15,6
2444,15,1
2445,3,5
2446,15,5
2447,11,5
2448,19,3
2449,1,3
2450,17,3
2451,19,6
2452,6,4
2453,17,5
2454,19,3
2455,20,5
2456,4,1
2457,16,5
2458,18,2
2459,9,1
2460,15,3
2461,10,2
2462,1,1
2463,2,4
2464,1,7
2465,2,2
2466,7,3
2467,19,5
2468,2,2
2469,20,5
2470,11,7
2471,9,6
2472,19,5
2473,13,5
2474,10,4
2475,9,6
2476,12,5
2477,8,3
2478,8,6
2479,16,2
2480,20,5
2481,20,5
2482,20,5
2483,1,3
2484,1,5
2485,3,1
2486,20,3
2487,20,5
2488,7,5
2489,12,4
2490,11,1
2491,14,1
2492,13,5
2493,4,3
2494,2,1
2495,10,6
2496,4,3
2497,3,6
2498,5,2
2499,12,4
2500,10,3
2501,1,3
2502,18,1
2503,13,4
2504,20,1
2505,10,3
2506,19,2
2507,19,4
2508,3,6
2509,20,2
2510,8,7
2511,12,1
2512,5,7
2513,5,4
2514,9,2
2515,2,4
2516,19,2
2517,1,7
2518,16,5
2519,12,4
2520,20,4
2521,17,7
2522,15,2
2523,15,6
2524,7,1
2525,8,3
2526,10,2
2527,5,6
2528,12,7
2529,12,4
2530,17,1
2531,13,2
2532,20,1
2533,20,4
2534,4,5
2535,11,2
2536,13,6
2537,10,3
2538,12,7
2539,5,1
2540,4,5
2541,18,4
2542,19,4
2543,1,6
2544,2,3
2545,3,6
2546,7,3
2547,20,3
2548,14,4
2549,4,6
2550,12,5
2551,9,4
2552,8,7
2553,6,7
2554,9,3
2555,16,3
2556,15,2
2557,16,1
2558,18,2
2559,20,5
2560,12,6
2561,19,4
2562,2,3
2563,9,7
2564,9,4
2565,15,7
2566,14,5
2567,7,3
2568,16,5
2569,18,6
2570,8,5
2571,15,7
2572,9,4
2573,6,1
2574,1,7
2575,12,3
2576,12,3
2577,20,2
2578,9,7
2579,8,5
2580,5,3
2581,19,5
2582,11,3
2583,16,3
2584,4,6
2585,13,4
2586,2,4
2587,15,4
2588,15,2
2589,15,7
2590,12,4
2591,5,4
2592,14,6
2593,4,6
2594,20,7
2595,19,4
2596,19,3
2597,15,4
2598,18,7
2599,1,3
2600,15,5
2601,20,5
2602,19,7
2603,4,6
2604,18,6
2605,14,4
2606,17,6
2607,13,2
2608,12,7
2609,10,6
2610,10,6
2611,5,2
2612,3,4
2613,18,2
2614,6,4
2615,10,4
2616,15,1
2617,16,4
2618,5,5
2619,19,2
2620,6,7
2621,7,4
2622,12,5
2623,3,1
2624,7,7
2625,1,2
2626,15,7
2627,6,1
2628,13,3
2629,14,2
2630,3,5
2631,5,1
2632,17,2
2633,8,6
2634,6,7
2635,20,4
2636,3,5
2637,3,2
2638,15,7
2639,3,5
2640,4,1
2641,16,5
2642,10,5
2643,3,3
2644,5,1
2645,17,2
2646,5,5
2647,14,7
2648,8,4
2649,3,2
2650,14,3
2651,16,2
2652,2,3
2653,18,2
2654,14,7
2655,10,6
2656,17,4
2657,13,4
2658,7,3
2659,10,4
2660,8,5
2661,5,1
2662,20,6
2663,11,6
2664,13,3
2665,17,3
2666,8,7
2667,8,6
2668,1,7
2669,13,6
2670,4,1
2671,1,5
2672,8,6
2673,20,6
2674,19,1
2675,3,6
2676,3,4
2677,4,5
2678,6,4
2679,12,1
2680,1,7
2681,3,5
2682,8,5
2683,8,1
2684,9,6
2685,12,4
2686,14,7
2687,11,1
2688,8,3
2689,7,7
2690,11,2
2691,15,3
2692,3,6
2693,12,6
2694,15,2
2695,8,2
2696,9,1
2697,1,3
2698,12,4
2699,19,5
2700,6,7
2701,16,7
2702,19,5
2703,8,5
2704,19,5
2705,13,5
2706,2,2
2707,13,1
2708,19,3
2709,15,5
2710,18,5
2711,5,2
2712,20,1
2713,4,5
2714,12,5
2715,5,7
2716,19,5
2717,2,5
2718,17,5
2719,2,4
2720,8,2
2721,11,6
2722,2,5
2723,9,6
2724,3,3
2725,6,6
2726,1,4
2727,15,3
2728,4,3
2729,12,7
2730,2,6
2731,10,5
2732,19,1
2733,20,3
2734,11,5
2735,9,2
2736,5,3
2737,8,4
2738,15,2
2739,3,7
2740,17,3
2741,8,4
2742,6,2
2743,1,3
2744,20,1
2745,2,6
2746,8,3
2747,11,3
2748,1,4
2749,3,1
2750,2,1
2751,6,5
2752,6,2
2753,18,2
2754,18,1
2755,14,4
2756,13,4
2757,15,3
2758,9,3
2759,11,7
2760,13,3
2761,4,6
2762,3,7
2763,6,7
2764,17,6
2765,17,7
2766,14,1
2767,10,1
2768,2,1
2769,11,1
2770,12,3
2771,8,4
2772,17,4
2773,2,7
2774,20,5
2775,19,5
2776,2,2
2777,8,7
2778,14,1
2779,17,7
2780,15,5
2781,8,6
2782,4,2
2783,19,3
2784,3,3
2785,9,7
2786,10,7
2787,17,2
2788,14,7
2789,17,7
2790,10,4
2791,11,7
2792,14,2
2793,6,7
2794,20,5
2795,13,1
2796,10,7
2797,16,1
2798,3,3
2799,5,1
2800,11,2
2801,9,2
2802,10,2
2803,7,5
2804,13,3
2805,17,7
2806,12,7
2807,18,6
2808,16,7
2809,7,5
2810,5,7
2811,6,3
2812,10,1
2813,1,2
2814,8,1
2815,3,5
2816,18,6
2817,16,7
2818,19,7
2819,5,1
2820,20,2
2821,14,7
2822,12,5
2823,10,2
2824,18,4
2825,19,2
2826,12,5
2827,7,7
2828,10,6
2829,15,7
2830,3,5
2831,7,3
2832,16,5
2833,13,5
2834,19,5
2835,8,3
2836,12,5
2837,9,3
2838,19,1
2839,9,4
2840,2,1
2841,20,6
2842,2,7
2843,14,6
2844,7,6
2845,20,5
2846,2,5
2847,12,4
2848,4,2
2849,17,5
2850,7,6
2851,15,3
2852,5,1
2853,17,1
2854,15,2
2855,16,3
2856,7,3
2857,11,1
2858,19,1
2859,7,7
2860,10,7
2861,7,7
2862,10,5
2863,2,1
2864,14,5
2865,13,3
2866,18,4
2867,18,3
2868,8,7
2869,8,6
2870,17,3
2871,2,7
2872,14,3
2873,11,2
2874,4,4
2875,14,2
2876,11,5
2877,1,5
2878,8,7
2879,5,6
2880,9,2
2881,5,2
2882,1,3
2883,17,5
2884,17,5
2885,15,6
2886,17,3
2887,7,1
2888,16,3
2889,4,2
2890,3,3
2891,10,5
2892,1,2
2893,12,7
2894,8,3
2895,6,4
2896,14,5
2897,13,2
2898,7,1
2899,13,4
2900,8,7
2901,6,4
2902,13,5
2903,11,3
2904,2,4
2905,15,1
2906,17,1
2907,1,1
2908,16,6
2909,4,2
2910,7,5
2911,1,4
2912,5,7
2913,11,5
2914,17,3
2915,2,7
2916,14,6
2917,18,4
2918,17,1
2919,15,4
2920,11,6
2921,20,3
2922,3,3
2923,1,4
2924,13,1
2925,15,6
2926,18,5
2927,17,1
2928,13,6
2929,20,1
2930,6,1
2931,13,2
2932,3,1
2933,2,1
2934,14,1
2935,12,1
2936,20,1
2937,5,1
2938,7,1
2939,14,5
2940,5,4
2941,3,6
2942,20,2
2943,9,2
2944,19,7
2945,9,6
2946,1,1
2947,14,6
2948,9,2
2949,5,6
2950,13,6
2951,3,4
2952,1,1
2953,16,3
2954,12,4
2955,3,7
2956,8,4
2957,18,5
2958,16,4
2959,20,6
2960,15,1
2961,11,4
2962,7,7
2963,16,1
2964,10,6
2965,1,7
2966,11,1
2967,8,1
2968,10,2
2969,1,2
2970,1,7
2971,4,2
2972,14,6
2973,17,4
2974,4,4
2975,2,6
2976,5,5
2977,12,7
2978,17,4
2979,17,4
2980,8,1
2981,1,6
2982,4,1
2983,4,7
2984,18,6
2985,18,1
2986,15,6
2987,15,2
2988,12,2
2989,7,1
2990,8,1
2991,14,1
2992,10,5
2993,18,3
2994,17,1
2995,12,3
2996,5,3
2997,18,2
2998,8,4
2999,15,3
3000,1,2
3001,14,4
3002,3,7
3003,1,6
3004,18,1
3005,20,1
3006,1,6
3007,9,6
3008,12,5
3009,12,1
3010,15,4
3011,3,6
3012,17,3
3013,13,4
3014,2,3
3015,12,1
3016,1,6
3017,13,4
3018,4,4
3019,8,2
3020,2,5
3021,2,5
3022,2,7
3023,20,3
3024,12,5
3025,19,1
3026,7,7
3027,6,7
3028,4,2
3029,16,3
3030,11,3
3031,20,5
3032,9,7
3033,9,3
3034,4,4
3035,1,7
3036,6,7
3037,20,7
3038,12,3
3039,20,3
3040,5,4
3041,18,1
3042,20,2
3043,4,4
3044,5,2
3045,12,6
3046,9,3
3047,16,3
3048,9,3
3049,19,5
3050,15,4
3051,4,3
3052,17,1
3053,18,3
3054,10,5
3055,8,7
3056,3,7
3057,8,2
3058,7,7
3059,10,3
3060,14,2
3061,17,6
3062,16,1
3063,6,2
3064,12,5
3065,16,3
3066,19,7
3067,1,7
3068,19,1
3069,6,3
3070,14,3
3071,20,1
3072,8,3
3073,11,4
3074,3,3
3075,3,7
3076,8,7
3077,1,2
3078,7,3
3079,10,3
3080,1,6
3081,4,1
3082,19,3
3083,16,6
3084,9,1
3085,8,2
3086,7,7
3087,8,7
3088,15,4
3089,3,3
3090,2,4
3091,2,3
3092,9,4
3093,19,6
3094,20,3
3095,9,2
3096,5,4
3097,4,5
3098,20,4
3099,10,2
3100,6,7
3101,18,1
3102,4,4
3103,1,2
3104,1,2
3105,13,5
3106,3,1
3107,13,2
3108,9,2
3109,13,7
3110,4,1
3111,18,4
3112,1,4
3113,18,3
3114,7,4
3115,17,6
3116,10,1
3117,10,2
3118,9,4
3119,19,2
3120,20,3
3121,15,7
3122,7,7
3123,20,1
3124,5,3
3125,17,1
3126,4,7
3127,6,4
3128,19,4
3129,16,5
3130,17,5
3131,3,6
3132,16,6
3133,17,1
3134,5,7
3135,15,7
3136,1,5
3137,7,2
3138,14,3
3139,2,3
3140,5,4
3141,19,6
3142,7,6
3143,18,5
3144,4,3
3145,8,2
3146,17,3
3147,8,1
3148,14,1
3149,7,6
3150,5,2
3151,16,7
3152,10,2
3153,5,2
3154,16,7
3155,15,6
3156,4,5
3157,9,2
3158,12,5
3159,18,6
3160,16,7
3161,9,7
3162,3,3
3163,16,4
3164,20,6
3165,16,2
3166,4,3
3167,3,7
3168,6,7
3169,3,1
3170,14,4
3171,16,3
3172,12,7
3173,13,5
3174,11,5
3175,11,6
3176,14,5
3177,20,6
3178,3,7
3179,4,1
3180,11,6
3181,19,3
3182,3,4
3183,12,2
3184,19,1
3185,20,4
3186,16,3
3187,1,1
3188,6,2
3189,10,6
3190,12,2
3191,10,1
3192,16,4
3193,8,7
3194,19,4
3195,20,3
3196,4,1
3197,2,7
3198,15,5
3199,1,7
3200,12,5
3201,17,3
3202,20,7
3203,20,5
3204,13,4
3205,18,1
3206,15,6
3207,7,2
3208,14,4
3209,13,3
3210,13,1
3211,6,5
3212,10,3
3213,16,3
3214,20,6
3215,18,3
3216,8,2
3217,4,6
3218,6,7
3219,17,2
3220,5,5
3221,20,4
3222,2,2
3223,13,5
3224,12,7
3225,19,6
3226,17,1
3227,7,3
3228,3,2
3229,17,4
3230,12,2
3231,16,1
3232,14,3
3233,17,3
3234,6,4
3235,10,1
3236,2,4
3237,12,5
3238,3,3
3239,10,7
3240,16,5
3241,18,3
3242,20,5
3243,20,1
3244,7,5
3245,19,7
3246,18,5
3247,19,4
3248,14,1
3249,9,6
3250,20,7
3251,8,6
3252,1,1
3253,2,2
3254,18,1
3255,3,5
3256,11,2
3257,10,2
3258,20,3
3259,14,5
3260,1,7
3261,5,6
3262,3,7
3263,10,6
3264,7,5
3265,20,2
3266,17,1
3267,17,4
3268,16,4
3269,16,2
3270,2,6
3271,16,1
3272,3,6
3273,3,2
3274,17,2
3275,20,2
3276,5,4
3277,16,4
3278,15,5
3279,17,2
3280,3,2
3281,11,1
3282,20,7
3283,20,3
3284,17,6
3285,18,2
3286,14,7
3287,8,3
3288,10,7
3289,15,5
3290,20,5
3291,20,1
3292,20,6
3293,1,6
3294,10,7
3295,11,1
3296,11,3
3297,15,4
3298,14,5
3299,5,2
3300,13,4
3301,17,7
3302,12,6
3303,19,3
3304,16,2
3305,14,4
3306,8,4
3307,7,2
3308,16,4
3309,5,2
3310,18,4
3311,5,7
3312,13,4
3313,19,2
3314,8,3
3315,2,2
3316,6,3
3317,3,7
3318,7,4
3319,6,7
3320,12,3
3321,7,6
3322,15,2
3323,3,6
3324,6,3
3325,18,5
3326,7,3
3327,18,3
3328,6,4
3329,13,1
3330,3,5
3331,10,1
3332,20,6
3333,13,4
3334,15,3
3335,4,5
3336,19,2
3337,12,6
3338,6,6
3339,18,6
3340,7,6
3341,10,7
3342,13,4
3343,4,3
3344,20,6
3345,11,2
3346,13,6
3347,1,3
3348,8,4
3349,7,4
3350,5,2
3351,6,5
3352,15,1
3353,16,6
3354,4,4
3355,11,2
3356,10,7
3357,4,6
3358,17,4
3359,7,6
3360,16,5
3361,19,3
3362,10,2
3363,15,7
3364,9,5
3365,8,5
3366,20,4
3367,15,5
3368,9,3
3369,8,7
3370,1,4
3371,14,5
3372,3,1
3373,15,6
3374,4,7
3375,18,7
3376,7,7
3377,5,5
3378,7,1
3379,8,4
3380,3,4
3381,11,2
3382,7,2
3383,7,2
3384,8,7
3385,19,5
3386,3,3
3387,14,3
3388,13,1
3389,14,2
3390,10,5
3391,7,5
3392,15,2
3393,9,3
3394,13,4
3395,17,3
3396,16,7
3397,11,2
3398,6,5
3399,13,6
3400,20,2
3401,2,6
3402,5,3
3403,17,5
3404,16,2
3405,14,6
3406,6,2
3407,11,1
3408,20,1
3409,4,3
3410,19,7
3411,15,6
3412,9,1
3413,11,6
3414,9,4
3415,15,2
3416,14,1
3417,10,7
3418,2,7
3419,1,5
3420,13,7
3421,8,6
3422,13,7
3423,1,2
3424,19,6
3425,5,7
3426,1,6
3427,16,3
3428,6,2
3429,2,4
3430,17,5
3431,16,5
3432,7,2
3433,1,6
3434,2,6
3435,7,2
3436,5,2
3437,3,1
3438,17,4
3439,2,7
3440,5,5
3441,19,4
3442,1,1
3443,8,7
3444,13,4
3445,16,1
3446,2,6
3447,4,3
3448,6,7
3449,10,2
3450,12,2
3451,11,6
3452,14,6
3453,20,7
3454,15,5
3455,16,2
3456,11,4
3457,6,5
3458,15,7
3459,12,5
3460,1,2
3461,9,7
3462,5,4
3463,10,7
3464,20,6
3465,8,5
3466,4,2
3467,20,7
3468,8,4
3469,6,6
3470,18,4
3471,2,4
3472,16,1
3473,10,2
3474,9,2
3475,12,7
3476,4,1
3477,14,5
3478,9,5
3479,13,1
3480,12,3
3481,1,7
3482,4,3
3483,13,6
3484,16,2
3485,18,5
3486,9,6
3487,8,4
3488,9,5
3489,7,3
3490,5,7
3491,14,5
3492,14,1
3493,3,5
3494,9,4
3495,5,7
3496,20,4
3497,4,5
3498,8,7
3499,6,6
3500,20,3
3501,2,7
3502,6,6
3503,4,3
3504,17,4
3505,6,2
3506,12,1
3507,1,7
3508,4,6
3509,1,5
3510,18,2
3511,19,3
3512,10,1
3513,5,7
3514,4,7
3515,18,1
3516,3,3
3517,8,3
3518,6,7
3519,16,7
3520,20,7
3521,20,4
3522,20,7
3523,1,4
3524,20,6
3525,13,1
3526,16,4
3527,16,6
3528,6,1
3529,2,3
3530,16,7
3531,9,6
3532,12,4
3533,18,7
3534,18,7
3535,16,4
3536,10,7
3537,15,6
3538,6,7
3539,9,5
3540,20,1
3541,8,3
3542,8,3
3543,10,1
3544,8,7
3545,19,7
3546,13,1
3547,4,6
3548,2,1
3549,1,2
3550,20,5
3551,10,2
3552,1,2
3553,13,7
3554,5,7
3555,1,2
3556,2,2
3557,18,2
3558,12,3
3559,1,5
3560,6,2
3561,14,1
3562,6,6
3563,11,1
3564,11,4
3565,7,1
3566,3,1
3567,15,1
3568,11,5
3569,6,6
3570,5,5
3571,2,7
3572,9,1
3573,6,7
3574,6,7
3575,9,3
3576,19,1
3577,1,5
3578,4,6
3579,1,1
3580,4,7
3581,4,7
3582,8,1
3583,15,2
3584,5,2
3585,19,7
3586,8,6
3587,20,5
3588,11,2
3589,4,3
3590,4,6
3591,14,3
3592,12,7
3593,20,7
3594,19,5
3595,10,6
3596,16,5
3597,3,2
3598,19,7
3599,16,1
3600,11,2
3601,10,7
3602,16,1
3603,6,7
3604,10,2
3605,8,6
3606,10,7
3607,17,2
3608,18,6
3609,12,6
3610,18,1
3611,10,1
3612,16,1
3613,9,1
3614,4,4
3615,2,3
3616,18,7
3617,2,7
3618,18,6
3619,10,6
3620,19,4
3621,17,5
3622,1,2
3623,16,4
3624,7,7
3625,6,3
3626,14,6
3627,10,3
3628,3,4
3629,5,7
3630,16,3
3631,14,1
3632,8,5
3633,13,1
3634,4,3
3635,5,3
3636,15,5
3637,2,1
3638,20,6
3639,20,2
3640,13,7
3641,9,1
3642,9,5
3643,20,1
3644,13,1
3645,19,6
3646,18,7
3647,19,4
3648,11,1
3649,15,6
3650,5,7
3651,20,4
3652,3,2
3653,12,5
3654,1,2
3655,16,4
3656,4,6
3657,11,1
3658,12,5
3659,18,2
3660,19,7
3661,9,1
3662,5,2
3663,6,5
3664,1,7
3665,14,4
3666,8,3
3667,4,3
3668,1,1
3669,11,3
3670,14,7
3671,19,2
3672,16,2
3673,2,4
3674,4,4
3675,11,4
3676,10,4
3677,2,1
3678,13,3
3679,9,4
3680,9,7
3681,18,7
3682,19,7
3683,1,4
3684,15,5
3685,4,6
3686,14,1
3687,17,5
3688,7,7
3689,3,7
3690,8,2
3691,7,1
3692,20,6
3693,6,2
3694,11,5
3695,14,6
3696,1,7
3697,17,4
3698,20,6
3699,4,6
3700,20,5
3701,2,4
3702,16,2
3703,20,1
3704,20,7
3705,14,5
3706,1,5
3707,13,5
3708,20,4
3709,17,2
3710,15,6
3711,5,6
3712,16,5
3713,5,3
3714,14,6
3715,3,1
3716,11,6
3717,2,7
3718,13,7
3719,1,6
3720,2,2
3721,8,5
3722,19,5
3723,16,7
3724,11,3
3725,3,5
3726,9,4
3727,15,1
3728,14,4
3729,9,4
3730,5,4
3731,3,3
3732,11,2
3733,2,6
3734,12,1
3735,5,6
3736,19,5
3737,4,3
3738,8,4
3739,18,6
3740,6,6
3741,10,5
3742,11,1
3743,3,2
3744,12,5
3745,13,2
3746,9,6
3747,13,1
3748,2,6
3749,4,4
3750,5,5
3751,11,5
3752,6,5
3753,10,1
3754,15,2
3755,5,6
3756,18,2
3757,3,1
3758,16,2
3759,12,4
3760,1,4
3761,2,4
3762,8,4
3763,20,5
3764,12,7
3765,6,1
3766,7,4
3767,19,2
3768,16,7
3769,3,5
3770,9,1
3771,6,7
3772,11,3
3773,13,2
3774,12,2
3775,8,3
3776,17,5
3777,4,5
3778,6,3
3779,1,4
3780,6,3
3781,12,4
3782,4,5
3783,7,1
3784,2,3
3785,4,3
3786,17,3
3787,18,7
3788,5,7
3789,4,3
3790,15,6
3791,13,3
3792,16,1
3793,4,2
3794,8,3
3795,2,4
3796,13,5
3797,20,6
3798,9,1
3799,16,4
3800,4,7
3801,20,2
3802,1,5
3803,6,5
3804,10,7
3805,7,4
3806,12,6
3807,19,1
3808,2,6
3809,8,6
3810,15,5
3811,14,4
3812,17,5
3813,11,4
3814,2,1
3815,14,2
3816,3,1
3817,6,2
3818,2,5
3819,10,2
3820,2,4
3821,1,3
3822,3,4
3823,16,2
3824,12,1
3825,9,4
3826,4,3
3827,15,3
3828,19,1
3829,12,3
3830,20,5
3831,4,7
3832,14,2
3833,2,4
3834,6,4
3835,1,6
3836,2,1
3837,16,1
3838,18,7
3839,4,6
3840,9,7
3841,2,3
3842,1,4
3843,18,7
3844,12,6
3845,10,1
3846,10,5
3847,15,1
3848,12,1
3849,15,1
3850,20,2
3851,10,2
3852,3,4
3853,13,5
3854,15,7
3855,9,1
3856,20,5
3857,15,7
3858,1,4
3859,14,2
3860,8,1
3861,12,5
3862,10,2
3863,14,4
3864,4,7
3865,15,3
3866,14,4
3867,7,4
3868,10,3
3869,12,4
3870,5,6
3871,9,3
3872,20,5
3873,2,7
3874,5,2
3875,20,6
3876,12,1
3877,9,7
3878,6,1
3879,7,7
3880,8,6
3881,9,2
3882,8,1
3883,14,6
3884,9,4
3885,4,3
3886,13,6
3887,15,5
3888,8,1
3889,1,1
3890,1,4
3891,13,7
3892,10,5
3893,14,5
3894,1,3
3895,15,1
3896,5,7
3897,1,6
3898,4,7
3899,9,2
3900,2,6
3901,6,1
3902,15,6
3903,5,1
3904,11,7
3905,7,2
3906,3,7
3907,17,5
3908,15,3
3909,14,3
3910,5,3
3911,4,2
3912,13,3
3913,17,5
3914,12,6
3915,8,5
3916,14,4
3917,14,7
3918,14,5
3919,8,4
3920,5,6
3921,11,4
3922,8,7
3923,3,5
3924,2,2
3925,12,1
3926,8,1
3927,16,2
3928,10,7
3929,4,7
3930,1,7
3931,5,3
3932,12,3
3933,13,4
3934,5,6
3935,14,3
3936,16,1
3937,2,1
3938,19,6
3939,9,4
3940,12,4
3941,10,4
3942,16,6
3943,4,7
3944,9,6
3945,5,5
3946,14,7
3947,14,4
3948,6,7
3949,17,2
3950,1,2
3951,3,1
3952,6,6
3953,20,7
3954,15,3
3955,20,7
3956,7,6
3957,1,1
3958,19,2
3959,3,2
3960,19,1
3961,12,6
3962,11,3
3963,13,7
3964,1,7
3965,1,4
3966,9,7
3967,3,4
3968,3,6
3969,7,4
3970,13,1
3971,2,7
3972,10,2
3973,3,3
3974,19,5
3975,12,6
3976,16,5
3977,2,5
3978,2,3
3979,20,1
3980,14,7
3981,15,6
3982,14,4
3983,7,1
3984,1,5
3985,20,7
3986,18,4
3987,18,7
3988,9,5
3989,15,6
3990,12,1
3991,16,4
3992,15,4
3993,12,7
3994,15,5
3995,11,6
3996,2,1
3997,20,6
3998,8,7
3999,8,7
4000,12,2
4001,5,5
4002,6,4
4003,14,4
4004,14,6
4005,5,7
4006,17,6
4007,18,4
4008,12,6
4009,2,5
4010,16,1
4011,18,6
4012,8,2
4013,18,5
4014,15,4
4015,10,6
4016,2,6
4017,3,3
4018,3,1
4019,15,5
4020,8,4
4021,13,1
4022,4,4
4023,19,1
4024,18,1
4025,19,7
4026,15,7
4027,12,5
4028,6,3
4029,13,5
4030,15,2
4031,13,5
4032,13,7
4033,7,1
4034,19,4
4035,1,4
4036,17,4
4037,20,3
4038,2,7
4039,14,4
4040,20,3
4041,15,6
4042,9,2
4043,9,3
4044,6,7
4045,14,6
4046,15,7
4047,2,7
4048,18,5
4049,17,4
4050,12,4
4051,10,1
4052,14,3
4053,12,4
4054,2,2
4055,16,5
4056,13,1
4057,17,3
4058,7,2
4059,12,4
4060,4,7
4061,4,3
4062,9,2
4063,14,6
4064,11,7
4065,12,1
4066,7,7
4067,16,4
4068,10,6
4069,20,5
4070,5,3
4071,8,1
4072,15,4
4073,9,3
4074,17,2
4075,2,1
4076,10,3
4077,15,1
4078,17,2
4079,11,6
4080,17,3
4081,1,4
4082,17,3
4083,2,7
4084,11,4
4085,1,2
4086,17,3
4087,12,1
4088,14,5
4089,2,4
4090,16,2
4091,1,5
4092,16,6
4093,20,2
4094,3,7
4095,10,3
4096,9,6
4097,20,1
4098,5,6
4099,7,7
4100,2,1
4101,9,1
4102,16,2
4103,10,3
4104,13,7
4105,20,2
4106,20,2
4107,18,3
4108,1,2
4109,11,4
4110,5,2
4111,19,7
4112,20,1
4113,9,5
4114,15,5
4115,13,7
4116,9,5
4117,9,6
4118,11,4
4119,19,5
4120,7,6
4121,7,3
4122,9,4
4123,15,6
4124,13,6
4125,17,1
4126,1,1
4127,5,5
4128,9,5
4129,10,6
4130,8,4
4131,1,3
4132,9,3
4133,14,6
4134,9,6
4135,6,6
4136,2,4
4137,20,1
4138,8,6
4139,10,6
4140,17,1
4141,16,1
4142,10,5
4143,19,6
4144,2,4
4145,5,1
4146,1,7
4147,10,2
4148,10,4
4149,2,7
4150,11,5
4151,17,3
4152,15,1
4153,13,4
4154,14,7
4155,12,5
4156,9,3
4157,16,7
4158,3,7
4159,9,2
4160,15,3
4161,2,1
4162,9,7
4163,12,3
4164,14,4
4165,9,1
4166,7,6
4167,16,1
4168,13,3
4169,9,7
4170,18,6
4171,14,2
4172,2,2
4173,17,4
4174,4,7
4175,19,1
4176,13,1
4177,15,6
4178,6,4
4179,2,5
4180,17,3
4181,6,4
4182,8,5
4183,5,7
4184,14,3
4185,17,5
4186,16,6
4187,16,3
4188,9,2
4189,16,7
4190,13,3
4191,16,7
4192,4,5
4193,2,7
4194,20,2
4195,9,1
4196,19,1
4197,15,1
4198,19,5
4199,8,3
4200,11,4
4201,6,3
4202,5,7
4203,16,7
4204,3,7
4205,18,2
4206,18,7
4207,1,5
4208,9,1
4209,16,7
4210,19,5
4211,14,7
4212,7,6
4213,2,4
4214,2,6
4215,12,4
4216,17,6
4217,6,4
4218,1,6
4219,8,5
4220,17,6
4221,8,3
4222,11,1
4223,14,7
4224,9,5
4225,12,4
4226,3,7
4227,6,5
4228,16,2
4229,7,4
4230,3,4
4231,17,6
4232,15,1
4233,19,3
4234,18,4
4235,1,4
4236,17,2
4237,10,7
4238,4,1
4239,9,6
4240,16,6
4241,7,1
4242,2,5
4243,16,6
4244,4,3
4245,7,5
4246,11,1
4247,8,1
4248,6,1
4249,12,5
4250,12,5
4251,1,6
4252,14,7
4253,6,4
4254,15,1
4255,9,6
4256,2,2
4257,9,2
4258,20,7
4259,5,5
4260,1,7
4261,2,4
4262,17,6
4263,17,4
4264,15,1
4265,17,5
4266,19,7
4267,18,5
4268,13,1
4269,6,2
4270,15,2
4271,14,7
4272,15,3
4273,18,7
4274,18,5
4275,7,4
4276,20,2
4277,13,1
4278,1,6
4279,7,6
4280,10,6
4281,16,1
4282,14,6
4283,8,3
4284,16,2
4285,13,2
4286,3,6
4287,14,1
4288,12,7
4289,19,2
4290,11,7
4291,14,1
4292,10,2
4293,14,7
4294,10,4
4295,18,1
4296,16,1
4297,1,7
4298,7,2
4299,10,7
4300,3,5
4301,6,5
4302,14,4
4303,8,5
4304,12,3
4305,15,6
4306,1,4
4307,20,3
4308,11,7
4309,8,7
4310,11,5
4311,9,2
4312,8,7
4313,6,5
4314,20,3
4315,5,1
4316,1,1
4317,8,6
4318,7,4
4319,12,2
4320,9,4
4321,7,6
4322,14,6
4323,15,3
4324,6,7
4325,7,6
4326,20,5
4327,6,5
4328,3,5
4329,8,6
4330,15,4
4331,2,5
4332,16,4
4333,15,1
4334,19,4
4335,6,6
4336,5,3
4337,14,3
4338,15,1
4339,1,5
4340,7,1
4341,9,6
4342,11,6
4343,18,4
4344,16,1
4345,5,2
4346,18,4
4347,8,2
4348,18,7
4349,17,4
4350,4,4
4351,12,6
4352,8,5
4353,16,6
4354,7,5
4355,16,2
4356,4,4
4357,17,2
4358,13,4
4359,10,3
4360,3,4
4361,17,4
4362,18,7
4363,14,5
4364,18,5
4365,7,4
4366,13,7
4367,1,3
4368,11,5
4369,18,7
4370,11,3
4371,16,7
4372,16,6
4373,6,4
4374,18,3
4375,12,6
4376,3,1
4377,14,5
4378,11,7
4379,15,3
4380,6,1
4381,8,6
4382,10,6
4383,12,1
4384,13,5
4385,1,7
4386,20,6
4387,5,5
4388,11,5
4389,11,7
4390,4,6
4391,15,6
4392,19,6
4393,10,7
4394,8,1
4395,17,4
4396,10,5
4397,7,7
4398,16,5
4399,11,5
4400,3,3
4401,9,7
4402,1,7
4403,2,6
4404,13,4
4405,9,4
4406,4,3
4407,13,3
4408,7,2
4409,16,5
4410,12,5
4411,11,7
4412,19,5
4413,18,7
4414,5,5
4415,3,5
4416,19,7
4417,17,1
4418,18,6
4419,13,1
4420,3,5
4421,10,4
4422,13,4
4423,17,2
4424,7,6
4425,4,2
4426,6,4
4427,5,3
4428,3,7
4429,16,4
4430,4,4
4431,1,4
4432,6,2
4433,5,1
4434,15,3
4435,3,1
4436,8,7
4437,12,6
4438,2,3
4439,19,6
4440,1,4
4441,4,3
4442,9,5
4443,17,3
4444,4,2
4445,16,6
4446,1,6
4447,19,5
4448,5,4
4449,5,5
4450,12,3
4451,3,1
4452,15,7
4453,19,7
4454,9,1
4455,16,7
4456,20,1
4457,5,4
4458,14,6
4459,3,3
4460,4,4
4461,15,7
4462,12,1
4463,15,3
4464,6,4
4465,19,2
4466,17,7
4467,6,7
4468,18,1
4469,7,2
4470,10,3
4471,8,4
4472,15,6
4473,1,6
4474,11,7
4475,9,3
4476,20,4
4477,20,1
4478,19,1
4479,18,2
4480,2,5
4481,13,2
4482,8,5
4483,15,1
4484,6,6
4485,20,5
4486,16,1
4487,11,4
4488,15,3
4489,1,3
4490,15,5
4491,4,7
4492,11,6
4493,8,3
4494,5,3
4495,19,7
4496,15,4
4497,14,6
4498,1,6
4499,4,6
4500,16,1
4501,10,2
4502,17,4
4503,16,6
4504,20,1
4505,1,2
4506,4,6
4507,11,5
4508,20,6
4509,1,5
4510,4,5
4511,17,7
4512,6,3
4513,1,6
4514,5,4
4515,10,2
4516,3,2
4517,18,1
4518,19,6
4519,20,4
4520,3,7
4521,16,1
4522,19,4
4523,12,4
4524,11,4
4525,2,1
4526,10,4
4527,19,5
4528,12,3
4529,13,1
4530,17,2
4531,6,7
4532,3,6
4533,9,3
4534,2,2
4535,18,6
4536,14,2
4537,20,7
4538,19,1
4539,12,1
4540,8,3
4541,8,6
4542,8,6
4543,16,3
4544,3,3
4545,9,4
4546,13,3
4547,2,5
4548,20,2
4549,1,3
4550,14,1
4551,5,5
4552,4,4
4553,19,7
4554,7,5
4555,2,4
4556,18,2
4557,13,2
4558,15,2
4559,1,5
4560,6,3
4561,5,1
4562,9,1
4563,11,3
4564,19,5
4565,12,7
4566,9,7
4567,13,2
4568,19,2
4569,18,2
4570,3,5
4571,9,5
4572,16,3
4573,20,5
4574,13,1
4575,19,3
4576,14,2
4577,16,6
4578,14,1
4579,6,7
4580,19,4
4581,1,7
4582,20,1
4583,11,6
4584,6,5
4585,3,2
4586,20,3
4587,3,7
4588,19,1
4589,1,6
4590,3,2
4591,7,3
4592,10,2
4593,2,7
4594,14,5
4595,1,1
4596,18,3
4597,7,6
4598,3,6
4599,15,7
4600,16,4
4601,15,3
4602,20,4
4603,5,7
4604,7,3
4605,3,7
4606,18,6
4607,15,2
4608,13,3
4609,15,3
4610,10,1
4611,11,6
4612,8,5
4613,3,1
4614,5,6
4615,17,6
4616,13,3
4617,10,1
4618,8,6
4619,4,1
4620,4,4
4621,4,3
4622,1,1
4623,6,1
4624,14,2
4625,10,5
4626,1,2
4627,9,7
4628,20,3
4629,8,2
4630,10,3
4631,16,3
4632,7,1
4633,20,2
4634,19,1
4635,3,7
4636,14,6
4637,16,6
4638,6,6
4639,5,6
4640,2,3
4641,10,6
4642,10,2
4643,17,7
4644,3,7
4645,8,1
4646,16,2
4647,7,4
4648,8,6
4649,5,5
4650,17,4
4651,16,3
4652,8,1
4653,17,3
4654,5,6
4655,10,3
4656,1,1
4657,13,2
4658,11,2
4659,6,5
4660,12,7
4661,15,3
4662,19,1
4663,12,2
4664,19,3
4665,1,2
4666,4,7
4667,11,7
4668,6,6
4669,19,2
4670,3,4
4671,13,6
4672,13,3
4673,9,5
4674,4,2
4675,7,1
4676,18,3
4677,15,1
4678,19,4
4679,9,2
4680,18,5
4681,5,6
4682,17,6
4683,1,2
4684,9,5
4685,17,4
4686,18,2
4687,2,7
4688,16,5
4689,19,1
4690,6,1
4691,1,6
4692,4,5
4693,7,1
4694,10,1
4695,16,7
4696,2,6
4697,4,7
4698,6,4
4699,9,3
4700,17,5
4701,13,6
4702,10,2
4703,19,6
4704,5,1
4705,18,4
4706,17,2
4707,10,5
4708,7,2
4709,12,1
4710,11,2
4711,5,1
4712,16,2
4713,13,4
4714,10,2
4715,18,4
4716,10,4
4717,2,3
4718,11,6
4719,9,6
4720,15,3
4721,9,6
4722,15,2
4723,8,5
4724,9,1
4725,3,1
4726,10,6
4727,20,7
4728,3,4
4729,9,1
4730,6,1
4731,13,3
4732,14,1
4733,3,3
4734,14,1
4735,14,5
4736,14,6
4737,2,3
4738,10,5
4739,1,7
4740,8,2
4741,7,2
4742,16,4
4743,6,2
4744,13,1
4745,18,6
4746,11,4
4747,11,1
4748,8,1
4749,1,6
4750,2,4
4751,16,1
4752,17,2
4753,6,7
4754,15,3
4755,17,2
4756,1,7
4757,8,3
4758,8,4
4759,3,5
4760,2,2
4761,6,1
4762,13,3
4763,10,7
4764,12,4
4765,17,6
4766,17,1
4767,12,6
4768,4,1
4769,10,1
4770,6,2
4771,8,4
4772,3,2
4773,5,3
4774,2,3
4775,13,6
4776,14,1
4777,3,7
4778,15,3
4779,14,3
4780,8,4
4781,10,3
4782,4,2
4783,11,4
4784,1,4
4785,17,2
4786,5,1
4787,13,6
4788,11,4
4789,8,7
4790,19,7
4791,18,4
4792,3,4
4793,10,1
4794,17,6
4795,1,6
4796,17,6
4797,7,1
4798,11,7
4799,8,1
4800,1,7
4801,19,3
4802,8,7
4803,17,3
4804,16,5
4805,15,7
4806,12,3
4807,13,7
4808,1,6
4809,6,6
4810,20,6
4811,3,1
4812,2,7
4813,8,1
4814,11,1
4815,15,5
4816,4,3
4817,2,1
4818,10,2
4819,6,2
4820,18,4
4821,20,3
4822,14,5
4823,1,7
4824,8,3
4825,4,7
4826,20,4
4827,14,2
4828,12,4
4829,14,1
4830,20,3
4831,9,3
4832,2,7
4833,16,6
4834,4,2
4835,3,3
4836,15,7
4837,6,1
4838,4,5
4839,1,2
4840,11,5
4841,20,7
4842,17,3
4843,3,1
4844,17,7
4845,9,7
4846,3,7
4847,17,1
4848,5,4
4849,10,5
4850,9,5
4851,10,1
4852,20,5
4853,8,4
4854,10,3
4855,3,5
4856,20,4
4857,19,4
4858,7,7
4859,16,2
4860,12,3
4861,15,2
4862,7,5
4863,17,2
4864,9,2
4865,3,4
4866,4,1
4867,11,7
4868,6,6
4869,4,1
4870,11,3
4871,16,5
4872,3,4
4873,4,4
4874,4,6
4875,13,7
4876,11,7
4877,17,1
4878,20,2
4879,18,1
4880,8,4
4881,13,2
4882,12,4
4883,5,3
4884,14,4
4885,13,2
4886,19,4
4887,5,4
4888,14,1
4889,20,6
4890,9,5
4891,14,6
4892,3,7
4893,16,7
4894,9,3
4895,2,7
4896,17,2
4897,11,2
4898,5,5
4899,14,3
4900,7,7
4901,20,3
4902,2,1
4903,14,4
4904,14,1
4905,13,7
4906,12,7
4907,1,1
4908,16,3
4909,6,3
4910,4,5
4911,13,4
4912,12,5
4913,20,5
4914,19,1
4915,1,4
4916,7,7
4917,8,3
4918,8,1
4919,6,2
4920,15,4
4921,16,2
4922,2,6
4923,5,4
4924,13,2
4925,9,2
4926,18,2
4927,12,1
4928,1,3
4929,16,7
4930,13,6
4931,12,3
4932,1,2
4933,1,5
4934,7,7
4935,19,1
4936,8,7
4937,2,5
4938,3,6
4939,18,3
4940,6,7
4941,17,4
4942,14,7
4943,12,2
4944,4,6
4945,13,7
4946,10,5
4947,19,1
4948,14,4
4949,2,4
4950,12,3
4951,8,6
4952,19,6
4953,6,6
4954,6,7
4955,19,3
4956,9,3
4957,9,1
4958,12,2
4959,14,5
4960,5,5
4961,16,4
4962,8,1
4963,6,6
4964,10,3
4965,14,7
4966,2,2
4967,18,3
4968,16,3
4969,19,1
4970,18,5
4971,18,6
4972,12,7
4973,10,4
4974,6,1
4975,11,5
4976,8,1
4977,20,3
4978,10,5
4979,20,3
4980,5,2
4981,18,3
4982,19,7
4983,12,2
4984,4,4
4985,11,1
4986,7,4
4987,4,5
4988,3,2
4989,6,6
4990,12,4
4991,19,4
4992,7,4
4993,4,7
4994,16,2
4995,4,2
4996,10,4
4997,1,3
4998,19,3
4999,1,5
5000,4,2
5001,5,3
5002,19,3
5003,10,6
5004,12,1
5005,16,7
5006,16,5
5007,19,2
5008,19,5
5009,15,3
5010,16,5
5011,2,4
5012,17,1
5013,4,6
5014,11,3
5015,19,6
5016,3,6
5017,6,1
5018,13,6
5019,13,5
5020,3,4
5021,19,1
5022,16,7
5023,15,2
5024,8,3
5025,15,6
5026,16,6
5027,13,3
5028,17,3
5029,2,4
5030,14,2
5031,5,3
5032,16,4
5033,15,6
5034,8,1
5035,13,3
5036,9,6
5037,18,7
5038,15,5
5039,20,5
5040,1,6
5041,20,3
5042,5,1
5043,5,6
5044,13,2
5045,8,5
5046,3,6
5047,7,7
5048,17,3
5049,13,2
5050,17,5
5051,20,2
5052,11,4
5053,10,2
5054,1,3
5055,13,3
5056,4,2
5057,10,7
5058,5,1
5059,9,2
5060,10,7
5061,20,1
5062,17,3
5063,4,7
5064,17,7
5065,9,4
5066,5,2
5067,4,3
5068,18,3
5069,18,2
5070,10,5
5071,18,4
5072,20,2
5073,1,2
5074,1,4
5075,8,3
5076,15,2
5077,7,4
5078,14,4
5079,14,6
5080,7,2
5081,11,1
5082,3,1
5083,2,7
5084,7,7
5085,18,7
5086,10,1
5087,1,6
5088,13,7
5089,14,4
5090,5,6
5091,10,7
5092,7,1
5093,9,3
5094,12,4
5095,17,7
5096,14,1
5097,16,6
5098,1,2
5099,3,2
5100,16,4
5101,4,1
5102,13,1
5103,13,4
5104,12,3
5105,6,3
5106,2,1
5107,7,1
5108,8,1
5109,10,1
5110,13,7
5111,12,3
5112,9,2
5113,2,5
5114,10,7
5115,15,2
5116,16,1
5117,3,1
5118,9,6
5119,20,3
5120,18,7
5121,11,5
5122,17,7
5123,9,2
5124,2,6
5125,12,1
5126,20,4
5127,19,5
5128,8,4
5129,2,4
5130,16,7
5131,5,7
5132,20,2
5133,13,1
5134,19,4
5135,1,3
5136,3,3
5137,5,4
5138,7,7
5139,16,6
5140,13,2
5141,13,2
5142,10,2
5143,14,7
5144,3,3
5145,15,4
5146,14,2
5147,5,2
5148,7,4
5149,3,6
5150,2,1
5151,2,5
5152,19,1
5153,5,4
5154,16,7
5155,10,3
5156,7,2
5157,18,5
5158,5,4
5159,3,6
5160,11,3
5161,16,1
5162,6,6
5163,9,7
5164,18,3
5165,17,2
5166,12,4
5167,4,1
5168,1,3
5169,5,2
5170,2,2
5171,10,6
5172,7,1
5173,20,3
5174,18,4
5175,5,2
5176,4,5
5177,18,1
5178,5,6
5179,15,4
5180,7,1
5181,13,3
5182,7,2
5183,10,1
5184,9,2
5185,19,7
5186,4,2
5187,18,6
5188,4,3
5189,9,7
5190,11,7
5191,11,5
5192,8,5
5193,5,4
5194,1,6
5195,1,1
5196,14,4
5197,13,7
5198,5,3
5199,5,7
5200,16,6
5201,17,3
5202,8,5
5203,3,7
5204,13,5
5205,10,4
5206,19,7
5207,2,3
5208,6,6
5209,17,5
5210,5,2
5211,18,4
5212,12,2
5213,16,7
5214,2,5
5215,19,7
5216,1,3
5217,2,5
5218,18,5
5219,3,2
5220,10,5
5221,11,6
5222,15,4
5223,10,7
5224,8,6
5225,8,1
5226,5,7
5227,19,6
5228,12,3
5229,5,7
5230,13,6
5231,18,4
5232,15,7
5233,19,1
5234,8,3
5235,6,2
5236,2,1
5237,9,6
5238,10,5
5239,5,5
5240,20,6
5241,6,3
5242,7,1
5243,7,2
5244,20,1
5245,16,5
5246,2,3
5247,20,2
5248,9,3
5249,20,3
5250,17,7
5251,10,5
5252,20,4
5253,20,6
5254,2,4
5255,4,2
5256,1,4
5257,20,1
5258,8,4
5259,8,2
5260,7,6
5261,11,1
5262,8,6
5263,13,7
5264,3,6
5265,8,4
5266,7,4
5267,20,6
5268,18,5
5269,14,5
5270,7,7
5271,13,1
5272,15,7
5273,19,6
5274,1,5
5275,19,2
5276,6,2
5277,5,4
5278,10,5
5279,11,6
5280,3,2
5281,14,4
5282,2,1
5283,14,3
5284,10,4
5285,4,6
5286,10,3
5287,18,5
5288,14,6
5289,10,7
5290,20,6
5291,2,4
5292,19,3
5293,2,5
5294,17,6
5295,10,6
5296,18,1
5297,7,2
5298,11,2
5299,13,5
5300,20,1
5301,9,3
5302,5,1
5303,5,4
5304,8,1
5305,3,6
5306,20,6
5307,6,6
5308,18,5
5309,9,5
5310,13,5
5311,15,2
5312,16,4
5313,5,5
5314,14,5
5315,15,5
5316,8,7
5317,5,5
5318,19,6
5319,15,7
5320,11,5
5321,16,2
5322,14,7
5323,12,6
5324,1,1
5325,18,3
5326,2,6
5327,4,4
5328,18,6
5329,6,3
5330,5,5
5331,18,2
5332,20,7
5333,18,3
5334,13,1
5335,1,2
5336,8,3
5337,9,7
5338,16,3
5339,11,5
5340,18,2
5341,14,1
5342,18,6
5343,1,4
5344,3,7
5345,17,3
5346,5,1
5347,3,3
5348,20,1
5349,18,2
5350,18,3
5351,7,6
5352,4,4
5353,14,2
5354,3,4
5355,13,3
5356,4,5
5357,17,5
5358,4,3
5359,9,2
5360,6,1
5361,6,6
5362,18,2
5363,12,1
5364,4,2
5365,14,1
5366,12,4
5367,3,5
5368,11,4
5369,3,6
5370,4,1
5371,18,3
5372,1,2
5373,10,2
5374,19,4
5375,8,2
5376,15,6
5377,20,7
5378,4,6
5379,12,1
5380,14,6
5381,4,4
5382,18,1
5383,4,5
5384,17,5
5385,18,1
5386,7,3
5387,18,4
5388,11,4
5389,8,3
5390,8,7
5391,2,4
5392,10,6
5393,10,5
5394,9,5
5395,17,7
5396,12,4
5397,1,4
5398,16,3
5399,14,2
5400,15,6
5401,9,2
5402,8,5
5403,2,2
5404,13,2
5405,11,6
5406,2,1
5407,17,2
5408,18,2
5409,4,3
5410,8,3
5411,20,3
5412,14,6
5413,1,5
5414,5,2
5415,3,6
5416,19,6
5417,10,3
5418,9,3
5419,20,1
5420,13,7
5421,15,2
5422,15,2
5423,12,4
5424,18,5
5425,17,3
5426,9,7
5427,16,7
5428,1,5
5429,19,3
5430,17,7
5431,10,1
5432,11,1
5433,17,3
5434,7,4
5435,1,2
5436,11,6
5437,19,2
5438,8,4
5439,18,5
5440,6,2
5441,19,1
5442,17,7
5443,1,5
5444,15,5
5445,5,6
5446,6,1
5447,12,2
5448,13,5
5449,1,5
5450,13,5
5451,7,7
5452,3,6
5453,12,3
5454,14,4
5455,16,3
5456,13,6
5457,5,5
5458,17,5
5459,9,4
5460,19,3
5461,11,3
5462,10,3
5463,10,7
5464,1,5
5465,20,2
5466,19,3
5467,12,4
5468,1,1
5469,11,4
5470,5,7
5471,5,7
5472,1,4
5473,20,3
5474,2,2
5475,15,5
5476,17,2
5477,19,3
5478,7,7
5479,9,4
5480,12,2
5481,2,7
5482,1,5
5483,8,6
5484,4,1
5485,5,6
5486,17,5
5487,12,1
5488,7,3
5489,16,2
5490,17,2
5491,11,1
5492,18,2
5493,19,5
5494,12,1
5495,10,5
5496,14,5
5497,3,5
5498,13,1
5499,13,6
5500,5,5
5501,10,1
5502,16,2
5503,14,7
5504,14,3
5505,10,1
5506,3,4
5507,17,7
5508,3,6
5509,18,2
5510,11,1
5511,12,5
5512,20,5
5513,14,7
5514,13,7
5515,5,6
5516,9,2
5517,7,5
5518,19,3
5519,15,3
5520,9,6
5521,14,3
5522,4,2
5523,17,1
5524,2,6
5525,9,7
5526,16,4
5527,1,2
5528,12,3
5529,5,1
5530,13,6
5531,11,3
5532,7,3
5533,1,7
5534,14,7
5535,4,7
5536,2,5
5537,6,6
5538,10,6
5539,8,4
5540,15,1
5541,16,3
5542,17,3
5543,13,3
5544,2,1
5545,4,6
5546,18,3
5547,18,1
5548,1,1
5549,17,6
5550,14,5
5551,9,3
5552,17,5
5553,11,5
5554,5,1
5555,4,7
5556,9,7
5557,7,6
5558,19,5
5559,18,5
5560,4,3
5561,2,7
5562,17,1
5563,11,2
5564,12,6
5565,14,6
5566,4,6
5567,19,4
5568,14,3
5569,20,6
5570,10,3
5571,10,2
5572,7,4
5573,9,5
5574,2,6
5575,16,4
5576,9,3
5577,8,7
5578,9,3
5579,17,3
5580,3,5
5581,7,6
5582,4,6
5583,17,2
5584,2,1
5585,18,5
5586,9,4
5587,6,2
5588,9,1
5589,4,5
5590,10,5
5591,14,7
5592,15,5
5593,10,4
5594,3,3
5595,7,6
5596,19,5
5597,18,5
5598,16,4
5599,20,2
5600,15,6
5601,16,5
5602,14,3
5603,7,3
5604,10,2
5605,14,1
5606,1,4
5607,4,7
5608,20,1
5609,16,5
5610,12,1
5611,11,5
5612,7,4
5613,14,6
5614,2,3
5615,9,6
5616,12,1
5617,12,6
5618,18,5
5619,4,3
5620,17,2
5621,17,3
5622,18,4
5623,10,7
5624,4,2
5625,4,1
5626,20,2
5627,6,1
5628,7,5
5629,15,5
5630,10,4
5631,2,4
5632,14,1
5633,10,6
5634,19,4
5635,8,5
5636,19,5
5637,8,5
5638,6,4
5639,4,3
5640,15,5
5641,5,6
5642,11,4
5643,17,2
5644,14,5
5645,18,1
5646,7,2
5647,20,6
5648,15,5
5649,1,4
5650,11,7
5651,11,7
5652,12,2
5653,14,1
5654,11,5
5655,8,1
5656,13,5
5657,9,4
5658,10,4
5659,13,4
5660,13,2
5661,15,2
5662,10,7
5663,11,1
5664,17,5
5665,20,3
5666,5,6
5667,17,6
5668,3,1
5669,7,4
5670,14,5
5671,13,4
5672,11,5
5673,12,7
5674,5,6
5675,11,1
5676,8,4
5677,8,5
5678,8,3
5679,10,3
5680,8,7
5681,5,3
5682,16,4
5683,15,3
5684,2,6
5685,6,4
5686,4,2
5687,17,7
5688,4,3
5689,2,2
5690,13,3
5691,19,3
5692,13,1
5693,7,5
5694,14,1
5695,5,5
5696,16,3
5697,8,4
5698,5,6
5699,20,4
5700,14,5
5701,10,6
5702,2,5
5703,19,7
5704,20,6
5705,3,5
5706,15,6
5707,9,7
5708,7,4
5709,17,5
5710,8,7
5711,10,1
5712,10,7
5713,3,5
5714,5,6
5715,12,7
5716,5,5
5717,19,4
5718,4,4
5719,4,6
5720,1,5
5721,7,2
5722,10,7
5723,6,4
5724,16,3
5725,7,2
5726,18,3
5727,20,7
5728,18,5
5729,9,6
5730,19,7
5731,6,5
5732,8,1
5733,13,7
5734,10,4
5735,13,6
5736,5,6
5737,14,4
5738,5,5
5739,18,4
5740,14,7
5741,1,2
5742,2,6
5743,2,2
5744,18,3
5745,7,4
5746,11,1
5747,5,7
5748,16,6
5749,6,6
5750,1,3
5751,13,5
5752,7,4
5753,20,2
5754,18,6
5755,7,7
5756,9,3
5757,6,3
5758,15,2
5759,2,6
5760,11,2
5761,18,2
5762,18,1
5763,1,1
5764,15,4
5765,20,4
5766,9,2
5767,11,6
5768,5,6
5769,4,4
5770,19,3
5771,9,3
5772,17,2
5773,8,7
5774,5,3
5775,13,4
5776,7,2
5777,1,5
5778,16,7
5779,5,3
5780,20,6
5781,10,6
5782,19,1
5783,1,6
5784,10,7
5785,17,6
5786,12,7
5787,20,1
5788,9,4
5789,12,2
5790,5,4
5791,20,3
5792,10,3
5793,7,2
5794,11,4
5795,16,1
5796,14,7
5797,16,3
5798,18,5
5799,1,3
5800,7,7
5801,11,3
5802,13,5
5803,4,2
5804,5,2
5805,16,2
5806,13,1
5807,17,1
5808,18,3
5809,7,6
5810,17,7
5811,10,3
5812,1,5
5813,8,2
5814,20,6
5815,6,5
5816,7,5
5817,16,4
5818,10,1
5819,14,2
5820,13,7
5821,10,6
5822,9,6
5823,6,5
5824,14,5
5825,9,3
5826,18,2
5827,16,7
5828,19,2
5829,17,1
5830,13,3
5831,6,7
5832,20,3
5833,18,3
5834,19,3
5835,12,2
5836,8,1
5837,4,5
5838,19,6
5839,2,7
5840,19,3
5841,2,7
5842,17,6
5843,8,6
5844,1,2
5845,4,1
5846,3,5
5847,6,2
5848,9,1
5849,6,1
5850,13,5
5851,11,1
5852,5,5
5853,17,6
5854,8,1
5855,13,4
5856,16,4
5857,13,5
5858,10,1
5859,18,1
5860,11,1
5861,11,7
5862,7,7
5863,8,2
5864,2,5
5865,12,4
5866,14,7
5867,5,1
5868,11,5
5869,20,6
5870,12,5
5871,14,1
5872,20,3
5873,1,7
5874,1,5
5875,4,2
5876,18,5
5877,15,7
5878,18,1
5879,14,7
5880,13,5
5881,7,3
5882,9,6
5883,12,3
5884,20,2
5885,18,1
5886,3,6
5887,9,4
5888,10,7
5889,5,2
5890,4,3
5891,14,4
5892,14,5
5893,16,2
5894,7,2
5895,20,4
5896,16,2
5897,13,1
5898,12,6
5899,8,7
5900,20,7
5901,13,5
5902,11,6
5903,11,5
5904,5,1
5905,17,6
5906,16,6
5907,6,6
5908,3,3
5909,20,6
5910,5,4
5911,19,2
5912,20,4
5913,15,1
5914,9,1
5915,8,1
5916,11,3
5917,18,3
5918,14,4
5919,8,1
5920,8,5
5921,20,3
5922,1,3
5923,16,5
5924,15,5
5925,8,5
5926,13,5
5927,14,7
5928,13,5
5929,19,3
5930,3,6
5931,19,7
5932,16,2
5933,15,4
5934,15,6
5935,16,5
5936,3,2
5937,14,1
5938,12,1
5939,10,4
5940,1,1
5941,14,3
5942,5,1
5943,20,6
5944,7,3
5945,11,2
5946,4,5
5947,8,5
5948,18,3
5949,5,6
5950,3,7
5951,16,6
5952,3,5
5953,16,1
5954,18,7
5955,11,4
5956,12,4
5957,15,5
5958,6,3
5959,20,3
5960,11,1
5961,2,1
5962,15,2
5963,14,1
5964,2,6
5965,4,4
5966,20,4
5967,6,7
5968,5,1
5969,5,6
5970,13,3
5971,17,2
5972,11,2
5973,9,3
5974,13,1
5975,10,7
5976,20,7
5977,1,1
5978,19,5
5979,8,4
5980,6,3
5981,3,5
5982,13,3
5983,17,3
5984,3,4
5985,2,7
5986,6,2
5987,20,3
5988,2,3
5989,12,7
5990,13,3
5991,6,1
5992,19,5
5993,13,1
5994,9,5
5995,9,7
5996,12,2
5997,9,5
5998,5,5
5999,17,7
6000,12,6
6001,3,7
6002,7,4
6003,10,5
6004,5,5
6005,6,7
6006,19,4
6007,20,6
6008,2,3
6009,10,5
6010,12,6
6011,16,5
6012,9,3
6013,11,3
6014,5,3
6015,5,3
6016,10,5
6017,20,2
6018,17,3
6019,18,2
6020,19,5
6021,11,6
6022,12,1
6023,1,6
6024,5,3
6025,16,4
6026,12,5
6027,2,7
6028,20,7
6029,8,2
6030,20,1
6031,16,2
6032,5,1
6033,6,2
6034,18,2
6035,18,5
6036,2,1
6037,18,2
6038,20,1
6039,14,4
6040,18,7
6041,16,3
6042,20,6
6043,7,3
6044,14,2
6045,16,2
6046,2,3
6047,2,7
6048,9,3
6049,7,3
6050,12,7
6051,7,7
6052,19,1
6053,5,4
6054,6,5
6055,3,2
6056,1,3
6057,7,6
6058,12,6
6059,1,6
6060,20,6
6061,3,4
6062,15,4
6063,5,6
6064,1,6
6065,17,7
6066,5,5
6067,17,5
6068,5,5
6069,20,2
6070,9,1
6071,11,5
6072,15,2
6073,13,6
6074,12,2
6075,18,1
6076,18,6
6077,17,4
6078,19,5
6079,3,4
6080,19,1
6081,4,1
6082,3,2
6083,12,7
6084,20,1
6085,15,1
6086,1,7
6087,6,7
6088,9,7
6089,12,3
6090,20,4
6091,7,2
6092,6,7
6093,9,1
6094,19,3
6095,10,7
6096,6,2
6097,15,4
6098,12,3
6099,14,4
6100,8,4
6101,9,4
6102,7,5
6103,5,4
6104,13,3
6105,18,1
6106,19,3
6107,10,1
6108,16,6
6109,13,2
6110,6,2
6111,8,6
6112,3,2
6113,11,2
6114,19,7
6115,16,3
6116,9,3
6117,19,1
6118,6,6
6119,12,5
6120,20,6
6121,12,6
6122,8,6
6123,9,7
6124,5,4
6125,11,7
6126,5,3
6127,2,3
6128,3,6
6129,15,7
6130,17,5
6131,16,4
6132,12,4
6133,13,5
6134,9,4
6135,9,4
6136,18,5
6137,10,3
6138,13,1
6139,10,2
6140,11,2
6141,8,2
6142,12,6
6143,13,6
6144,4,2
6145,15,6
6146,2,2
6147,5,2
6148,7,4
6149,12,4
6150,10,1
6151,3,4
6152,3,2
6153,8,3
6154,2,4
6155,3,3
6156,10,7
6157,7,3
6158,3,3
6159,4,5
6160,1,1
6161,19,4
6162,15,1
6163,18,7
6164,10,5
6165,19,4
6166,19,1
6167,2,6
6168,17,2
6169,18,2
6170,9,6
6171,6,3
6172,11,6
6173,5,7
6174,16,7
6175,8,2
6176,14,3
6177,9,4
6178,11,1
6179,12,1
6180,14,2
6181,17,4
6182,13,1
6183,15,3
6184,11,3
6185,4,3
6186,19,3
6187,6,4
6188,19,3
6189,18,1
6190,15,5
6191,8,1
6192,20,5
6193,12,4
6194,18,6
6195,6,2
6196,19,6
6197,8,5
6198,15,4
6199,20,5
6200,13,4
6201,6,7
6202,15,6
6203,11,2
6204,7,5
6205,11,4
6206,15,1
6207,5,2
6208,6,2
6209,19,4
6210,17,4
6211,9,6
6212,14,3
6213,10,7
6214,8,2
6215,3,3
6216,16,5
6217,7,1
6218,7,5
6219,6,6
6220,5,1
6221,7,6
6222,1,4
6223,1,2
6224,2,5
6225,13,5
6226,9,2
6227,4,6
6228,10,7
6229,15,1
6230,5,1
6231,12,3
6232,14,2
6233,15,3
6234,15,2
6235,3,6
6236,9,4
6237,3,7
6238,2,3
6239,2,1
6240,6,2
6241,20,6
6242,17,2
6243,1,3
6244,1,1
6245,9,6
6246,13,7
6247,4,4
6248,16,7
6249,3,6
6250,1,2
6251,6,3
6252,17,6
6253,12,6
6254,16,5
6255,12,3
6256,7,7
6257,1,6
6258,12,5
6259,4,1
6260,14,2
6261,8,2
6262,3,5
6263,7,1
6264,5,3
6265,2,3
6266,1,7
6267,17,5
6268,12,1
6269,1,1
6270,7,3
6271,2,5
6272,3,3
6273,19,6
6274,15,2
6275,12,2
6276,6,7
6277,5,3
6278,18,2
6279,11,7
6280,17,6
6281,12,6
6282,9,2
6283,14,4
6284,7,1
6285,4,6
6286,5,7
6287,5,6
6288,1,2
6289,12,1
6290,14,3
6291,6,5
6292,13,7
6293,8,1
6294,8,4
6295,17,4
6296,6,1
6297,6,1
6298,5,3
6299,6,4
6300,13,3
6301,15,6
6302,17,5
6303,6,3
6304,15,2
6305,19,2
6306,14,1
6307,18,7
6308,19,1
6309,14,6
6310,16,6
6311,20,2
6312,9,5
6313,14,3
6314,16,3
6315,14,7
6316,4,4
6317,9,2
6318,5,4
6319,7,7
6320,3,5
6321,7,3
6322,6,2
6323,17,6
6324,5,7
6325,11,3
6326,13,1
6327,2,4
6328,13,4
6329,9,2
6330,4,5
6331,12,6
6332,11,4
6333,18,3
6334,20,2
6335,3,1
6336,4,3
6337,18,7
6338,5,7
6339,19,4
6340,8,2
6341,4,6
6342,2,4
6343,1,7
6344,20,7
6345,6,2
6346,18,3
6347,10,6
6348,14,4
6349,15,3
6350,3,5
6351,13,1
6352,13,1
6353,7,4
6354,19,6
6355,13,1
6356,8,7
6357,9,6
6358,14,2
6359,7,2
6360,10,7
6361,1,6
6362,3,5
6363,12,3
6364,11,5
6365,18,4
6366,15,1
6367,7,2
6368,13,2
6369,7,1
6370,9,1
6371,18,5
6372,8,7
6373,7,3
6374,19,3
6375,15,6
6376,7,1
6377,5,4
6378,6,2
6379,2,1
6380,8,7
6381,6,3
6382,20,5
6383,2,3
6384,6,3
6385,7,7
6386,6,5
6387,20,2
6388,4,7
6389,9,1
6390,19,3
6391,11,2
6392,18,4
6393,14,2
6394,19,4
6395,13,4
6396,20,7
6397,5,7
6398,17,6
6399,20,7
6400,8,5
6401,5,2
6402,9,5
6403,20,3
6404,12,6
6405,17,4
6406,16,5
6407,7,1
6408,4,5
6409,10,6
6410,4,4
6411,7,2
6412,7,2
6413,15,2
6414,4,6
6415,8,7
6416,17,4
6417,5,3
6418,9,4
6419,17,5
6420,10,1
6421,16,6
6422,17,5
6423,2,7
6424,11,2
6425,18,6
6426,15,5
6427,17,7
6428,7,4
6429,15,3
6430,1,2
6431,10,5
6432,11,7
6433,6,2
6434,13,7
6435,19,4
6436,3,3
6437,16,4
6438,18,7
6439,10,5
6440,1,7
6441,10,2
6442,1,4
6443,1,2
6444,3,6
6445,9,3
6446,17,5
6447,1,7
6448,15,3
6449,7,5
6450,8,2
6451,8,1
6452,4,2
6453,12,2
6454,18,1
6455,15,6
6456,7,6
6457,2,1
6458,5,3
6459,14,1
6460,18,3
6461,2,1
6462,19,2
6463,6,7
6464,15,3
6465,10,4
6466,10,1
6467,6,6
6468,6,1
6469,16,4
6470,3,5
6471,18,5
6472,5,4
6473,19,6
6474,18,7
6475,18,4
6476,4,6
6477,7,5
6478,6,6
6479,6,4
6480,7,1
6481,17,2
6482,12,1
6483,19,7
6484,20,6
6485,15,7
6486,19,7
6487,1,2
6488,3,3
6489,9,6
6490,10,1
6491,20,3
6492,6,2
6493,4,6
6494,15,1
6495,17,2
6496,6,2
6497,5,3
6498,18,6
6499,9,1
6500,14,3
6501,7,3
6502,12,4
6503,20,6
6504,8,1
6505,1,4
6506,3,7
6507,16,6
6508,14,1
6509,6,2
6510,8,3
6511,20,5
6512,19,7
6513,1,4
6514,17,2
6515,7,7
6516,13,2
6517,3,7
6518,4,5
6519,11,3
6520,10,5
6521,1,6
6522,8,4
6523,7,1
6524,2,4
6525,18,4
6526,20,1
6527,14,4
6528,18,5
6529,8,4
6530,8,4
6531,15,6
6532,12,4
6533,16,2
6534,9,7
6535,11,4
6536,13,4
6537,2,7
6538,6,4
6539,9,7
6540,5,4
6541,5,6
6542,15,2
6543,2,3
6544,1,2
6545,13,2
6546,1,3
6547,10,5
6548,15,2
6549,10,5
6550,4,3
6551,16,6
6552,17,4
6553,14,5
6554,6,2
6555,17,6
6556,6,5
6557,3,7
6558,4,7
6559,10,7
6560,10,1
6561,2,7
6562,6,2
6563,13,3
6564,13,6
6565,6,4
6566,3,2
6567,1,7
6568,11,3
6569,15,5
6570,16,7
6571,17,7
6572,18,1
6573,8,3
6574,19,2
6575,9,3
6576,10,5
6577,9,2
6578,2,4
6579,9,7
6580,2,3
6581,19,1
6582,12,2
6583,16,5
6584,11,5
6585,11,4
6586,8,5
6587,4,4
6588,3,3
6589,18,3
6590,9,5
6591,8,1
6592,10,2
6593,15,3
6594,14,4
6595,8,7
6596,15,7
6597,4,2
6598,2,5
6599,10,4
6600,6,6
6601,1,5
6602,7,4
6603,7,5
6604,8,4
6605,3,3
6606,12,5
6607,10,6
6608,4,4
6609,18,1
6610,17,1
6611,1,4
6612,20,6
6613,5,5
6614,11,6
6615,7,2
6616,2,4
6617,1,4
6618,10,3
6619,3,2
6620,12,6
6621,1,2
6622,15,4
6623,8,6
6624,8,5
6625,1,2
6626,13,6
6627,4,6
6628,18,2
6629,5,4
6630,7,7
6631,10,7
6632,20,3
6633,14,6
6634,11,4
6635,7,6
6636,17,2
6637,20,1
6638,13,4
6639,2,4
6640,15,2
6641,12,3
6642,15,2
6643,6,5
6644,4,4
6645,3,6
6646,18,5
6647,14,7
6648,4,5
6649,7,5
6650,1,6
6651,5,6
6652,5,2
6653,3,3
6654,5,4
6655,2,2
6656,6,1
6657,7,6
6658,17,6
6659,10,7
6660,3,3
6661,11,1
6662,1,6
6663,5,4
6664,1,4
6665,6,4
6666,15,7
6667,18,7
6668,12,2
6669,13,6
6670,16,4
6671,11,4
6672,11,4
6673,9,3
6674,4,7
6675,11,7
6676,7,4
6677,6,4
6678,7,7
6679,5,5
6680,1,5
6681,18,3
6682,9,4
6683,13,7
6684,20,4
6685,10,2
6686,14,6
6687,5,6
6688,6,3
6689,8,2
6690,4,4
6691,10,4
6692,5,4
6693,15,3
6694,20,4
6695,3,7
6696,13,5
6697,1,4
6698,4,6
6699,15,2
6700,5,7
6701,15,3
6702,20,4
6703,1,4
6704,17,4
6705,20,1
6706,4,7
6707,17,5
6708,18,3
6709,6,4
6710,20,1
6711,1,7
6712,7,5
6713,8,4
6714,11,4
6715,7,4
6716,13,5
6717,5,3
6718,8,1
6719,6,4
6720,17,3
6721,20,2
6722,19,2
6723,13,5
6724,1,3
6725,6,4
6726,14,5
6727,16,3
6728,17,4
6729,9,4
6730,17,7
6731,6,2
6732,15,2
6733,2,4
6734,2,6
6735,7,2
6736,1,6
6737,20,6
6738,5,2
6739,15,2
6740,15,6
6741,16,7
6742,19,2
6743,3,5
6744,20,5
6745,18,5
6746,3,1
6747,6,7
6748,1,5
6749,18,4
6750,3,7
6751,14,6
6752,20,2
6753,16,1
6754,5,5
6755,2,1
6756,17,6
6757,8,1
6758,17,6
6759,5,2
6760,13,1
6761,20,6
6762,3,3
6763,14,4
6764,4,3
6765,10,4
6766,8,2
6767,12,5
6768,18,2
6769,17,4
6770,5,6
6771,3,4
6772,17,5
6773,3,3
6774,15,7
6775,20,6
6776,12,2
6777,13,2
6778,10,6
6779,5,3
6780,18,5
6781,11,7
6782,2,1
6783,20,2
6784,20,1
6785,3,1
6786,4,2
6787,9,2
6788,9,3
6789,17,6
6790,7,2
6791,20,5
6792,16,7
6793,9,4
6794,14,6
6795,14,3
6796,20,4
6797,4,7
6798,17,2
6799,10,7
6800,6,6
6801,11,6
6802,20,6
6803,8,3
6804,20,2
6805,12,5
6806,10,5
6807,3,3
6808,8,3
6809,20,7
6810,18,5
6811,13,2
6812,6,2
6813,16,2
6814,20,5
6815,18,5
6816,12,4
6817,12,7
6818,5,5
6819,13,6
6820,16,1
6821,1,4
6822,18,6
6823,5,7
6824,2,3
6825,7,6
6826,17,7
6827,18,6
6828,10,1
6829,2,3
6830,12,3
6831,8,3
6832,19,2
6833,7,2
6834,13,5
6835,10,1
6836,15,5
6837,9,6
6838,2,6
6839,10,6
6840,18,1
6841,16,4
6842,10,7
6843,15,1
6844,13,3
6845,6,2
6846,15,7
6847,18,4
6848,20,7
6849,15,3
6850,14,7
6851,14,3
6852,1,1
6853,6,3
6854,4,6
6855,14,2
6856,6,7
6857,2,3
6858,4,7
6859,18,1
6860,2,5
6861,7,7
6862,19,5
6863,18,6
6864,6,1
6865,11,2
6866,5,3
6867,1,7
6868,17,4
6869,2,6
6870,13,7
6871,18,2
6872,5,7
6873,13,7
6874,2,4
6875,16,7
6876,14,7
6877,16,1
6878,3,4
6879,6,4
6880,15,2
6881,9,5
6882,20,2
6883,6,1
6884,10,5
6885,16,5
6886,15,7
6887,7,6
6888,10,4
6889,1,4
6890,4,4
6891,13,5
6892,7,6
6893,13,7
6894,17,3
6895,12,2
6896,20,3
6897,13,4
6898,15,3
6899,16,5
6900,1,5
6901,13,1
6902,14,4
6903,9,5
6904,16,2
6905,18,6
6906,3,1
6907,18,7
6908,2,2
6909,1,2
6910,14,4
6911,15,4
6912,17,6
6913,6,2
6914,10,3
6915,3,1
6916,6,7
6917,2,6
6918,1,5
6919,16,7
6920,12,3
6921,8,7
6922,16,4
6923,18,2
6924,12,2
6925,15,3
6926,14,1
6927,15,6
6928,11,3
6929,1,3
6930,2,2
6931,17,6
6932,4,7
6933,19,3
6934,3,4
6935,20,1
6936,8,7
6937,17,6
6938,7,3
6939,7,2
6940,14,5
6941,7,5
6942,14,7
6943,10,6
6944,6,7
6945,11,3
6946,3,6
6947,16,4
6948,5,7
6949,12,6
6950,7,6
6951,14,6
6952,2,3
6953,9,2
6954,5,7
6955,13,1
6956,5,7
6957,13,2
6958,12,2
6959,20,1
6960,13,7
6961,1,2
6962,16,2
6963,18,1
6964,2,2
6965,11,1
6966,15,4
6967,6,2
6968,4,1
6969,13,1
6970,19,3
6971,19,3
6972,3,5
6973,3,2
6974,5,5
6975,2,6
6976,9,7
6977,7,7
6978,16,3
6979,9,2
6980,11,4
6981,15,4
6982,14,3
6983,18,2
6984,20,4
6985,15,5
6986,17,2
6987,5,7
6988,4,2
6989,18,3
6990,10,7
6991,7,3
6992,9,2
6993,12,3
6994,14,2
6995,15,2
6996,4,7
6997,10,2
6998,3,3
6999,10,2
7000,6,4
7001,16,3
7002,13,4
7003,11,6
7004,12,3
7005,2,2
7006,16,3
7007,8,7
7008,12,1
7009,5,3
7010,18,2
7011,8,7
7012,9,4
7013,13,2
7014,9,5
7015,19,3
7016,3,1
7017,20,6
7018,13,7
7019,6,4
7020,6,1
7021,7,7
7022,20,6
7023,8,4
7024,15,2
7025,16,7
7026,9,4
7027,17,6
7028,2,2
7029,5,3
7030,19,6
7031,9,4
7032,17,3
7033,12,5
7034,8,6
7035,9,4
7036,10,6
7037,19,3
7038,2,1
7039,9,5
7040,9,6
7041,8,5
7042,8,4
7043,3,6
7044,15,1
7045,4,5
7046,15,1
7047,1,1
7048,19,3
7049,12,1
7050,6,2
7051,3,4
7052,11,3
7053,16,3
7054,10,6
7055,14,7
7056,17,1
7057,17,6
7058,14,6
7059,1,2
7060,8,5
7061,17,2
7062,7,4
7063,9,5
7064,11,2
7065,13,4
7066,2,4
7067,8,5
7068,5,6
7069,20,4
7070,9,4
7071,2,2
7072,1,4
7073,15,6
7074,14,1
7075,12,4
7076,1,7
7077,5,4
7078,20,5
7079,9,1
7080,16,4
7081,13,5
7082,17,2
7083,1,4
7084,11,6
7085,10,1
7086,17,6
7087,11,6
7088,9,5
7089,19,6
7090,5,5
7091,1,5
7092,18,5
7093,9,3
7094,3,3
7095,3,5
7096,3,1
7097,4,3
7098,17,6
7099,2,3
7100,20,7
7101,18,4
7102,5,3
7103,16,5
7104,20,5
7105,4,5
7106,1,2
7107,9,5
7108,7,6
7109,6,2
7110,14,5
7111,6,4
7112,7,1
7113,3,7
7114,8,4
7115,18,7
7116,17,1
7117,14,4
7118,1,5
7119,8,4
7120,15,2
7121,5,3
7122,16,6
7123,6,3
7124,4,7
7125,7,2
7126,14,7
7127,1,2
7128,14,4
7129,2,4
7130,16,4
7131,8,4
7132,11,7
7133,15,1
7134,3,7
7135,7,3
7136,15,4
7137,18,3
7138,3,1
7139,15,4
7140,17,2
7141,10,1
7142,7,1
7143,17,4
7144,4,1
7145,16,2
7146,6,4
7147,6,4
7148,18,7
7149,16,7
7150,16,4
7151,5,4
7152,9,5
7153,20,6
7154,13,3
7155,16,5
7156,2,4
7157,6,5
7158,1,7
7159,1,2
7160,20,2
7161,3,5
7162,18,4
7163,18,1
7164,3,5
7165,2,6
7166,11,3
7167,7,7
7168,9,3
7169,18,5
7170,18,4
7171,4,5
7172,16,5
7173,6,6
7174,4,5
7175,18,1
7176,11,7
7177,16,2
7178,18,4
7179,4,1
7180,5,5
7181,16,7
7182,3,5
7183,9,4
7184,18,6
7185,7,3
7186,20,5
7187,1,5
7188,11,6
7189,5,3
7190,9,3
7191,4,3
7192,2,5
7193,18,6
7194,16,6
7195,11,3
7196,2,6
7197,14,4
7198,10,5
7199,3,4
7200,15,6
7201,9,2
7202,20,6
7203,8,1
7204,11,7
7205,14,2
7206,6,4
7207,7,6
7208,9,7
7209,4,5
7210,20,3
7211,20,2
7212,14,6
7213,6,3
7214,16,5
7215,19,6
7216,19,5
7217,1,5
7218,20,6
7219,9,2
7220,17,7
7221,9,5
7222,20,2
7223,20,5
7224,9,6
7225,18,4
7226,3,1
7227,13,1
7228,2,4
7229,20,7
7230,6,4
7231,4,2
7232,11,6
7233,1,4
7234,17,6
7235,12,5
7236,9,2
7237,10,4
7238,7,3
7239,8,2
7240,10,5
7241,7,3
7242,9,3
7243,19,3
7244,7,6
7245,15,2
7246,1,3
7247,14,6
7248,2,2
7249,16,2
7250,8,5
7251,11,5
7252,20,4
7253,12,3
7254,10,5
7255,6,5
7256,14,3
7257,7,1
7258,17,7
7259,5,5
7260,9,2
7261,11,1
7262,16,6
7263,19,7
7264,7,2
7265,8,2
7266,9,5
7267,7,6
7268,5,4
7269,3,6
7270,9,3
7271,1,6
7272,2,6
7273,15,3
7274,5,4
7275,8,2
7276,14,7
7277,16,5
7278,6,1
7279,16,3
7280,4,7
7281,9,6
7282,6,4
7283,20,5
7284,6,5
7285,18,1
7286,4,7
7287,13,6
7288,19,4
7289,20,5
7290,18,5
7291,4,3
7292,11,2
7293,19,5
7294,9,6
7295,18,3
7296,17,2
7297,1,2
7298,1,4
7299,16,1
7300,8,4
7301,8,2
7302,20,5
7303,20,3
7304,1,1
7305,12,6
7306,20,1
7307,20,5
7308,20,2
7309,14,6
7310,8,6
7311,9,2
7312,11,5
7313,4,6
7314,16,5
7315,1,3
7316,17,7
7317,2,4
7318,16,5
7319,20,5
7320,3,5
7321,1,2
7322,18,7
7323,6,5
7324,19,6
7325,13,1
7326,17,3
7327,5,1
7328,14,1
7329,1,2
7330,20,5
7331,14,1
7332,4,4
7333,20,1
7334,14,4
7335,15,2
7336,12,4
7337,5,3
7338,16,7
7339,3,7
7340,8,4
7341,3,5
7342,13,2
7343,3,3
7344,12,6
7345,6,3
7346,4,4
7347,19,6
7348,20,7
7349,3,1
7350,6,6
7351,16,6
7352,20,1
7353,6,7
7354,7,1
7355,9,1
7356,5,2
7357,8,1
7358,2,7
7359,17,2
7360,6,1
7361,3,5
7362,3,6
7363,6,1
7364,2,4
7365,5,2
7366,6,3
7367,7,7
7368,9,3
7369,6,7
7370,2,6
7371,5,3
7372,11,2
7373,18,7
7374,8,6
7375,15,7
7376,4,3
7377,14,6
7378,11,6
7379,18,6
7380,18,2
7381,11,2
7382,15,7
7383,4,6
7384,17,2
7385,9,6
7386,1,2
7387,18,1
7388,17,7
7389,11,2
7390,1,2
7391,16,1
7392,10,6
7393,12,4
7394,7,3
7395,3,5
7396,10,1
7397,6,5
7398,10,4
7399,9,6
7400,16,7
7401,7,2
7402,17,1
7403,12,5
7404,6,6
7405,18,3
7406,6,4
7407,8,5
7408,2,6
7409,11,4
7410,11,2
7411,9,3
7412,16,6
7413,16,1
7414,10,7
7415,6,6
7416,9,4
7417,19,3
7418,7,7
7419,8,5
7420,11,3
7421,8,3
7422,11,3
7423,7,7
7424,17,7
7425,19,2
7426,8,3
7427,1,4
7428,8,1
7429,10,5
7430,5,4
7431,15,3
7432,4,2
7433,6,4
7434,13,3
7435,19,4
7436,18,4
7437,16,1
7438,19,1
7439,7,4
7440,9,3
7441,4,5
7442,11,2
7443,4,6
7444,17,4
7445,14,2
7446,6,3
7447,18,6
7448,16,4
7449,2,1
7450,13,3
7451,6,3
7452,1,6
7453,16,4
7454,3,6
7455,16,5
7456,10,1
7457,3,7
7458,6,3
7459,2,2
7460,9,7
7461,1,1
7462,3,7
7463,3,6
7464,12,1
7465,8,1
7466,7,6
7467,18,5
7468,1,7
7469,17,7
7470,19,7
7471,11,7
7472,4,4
7473,19,7
7474,3,2
7475,1,7
7476,7,1
7477,8,6
7478,18,1
7479,1,2
7480,15,2
7481,2,1
7482,8,4
7483,4,2
7484,20,5
7485,20,5
7486,2,4
7487,17,3
7488,2,7
7489,10,5
7490,16,5
7491,2,3
7492,8,3
7493,17,2
7494,14,6
7495,10,3
7496,17,5
7497,20,7
7498,16,3
7499,10,7
7500,17,6
7501,16,4
7502,14,4
7503,5,7
7504,3,2
7505,10,7
7506,10,1
7507,5,6
7508,10,6
7509,13,3
7510,13,2
7511,6,6
7512,4,5
7513,18,1
7514,5,4
7515,11,3
7516,3,3
7517,18,7
7518,16,4
7519,18,3
7520,14,2
7521,2,1
7522,12,4
7523,6,5
7524,14,4
7525,5,2
7526,19,5
7527,4,1
7528,6,5
7529,13,3
7530,6,7
7531,18,7
7532,14,2
7533,12,3
7534,9,4
7535,3,1
7536,13,3
7537,1,6
7538,17,1
7539,13,6
7540,14,5
7541,1,1
7542,6,4
7543,10,5
7544,19,3
7545,10,5
7546,8,3
7547,18,1
7548,10,3
7549,3,6
7550,3,2
7551,14,6
7552,10,1
7553,15,6
7554,8,1
7555,11,7
7556,4,7
7557,12,7
7558,8,1
7559,13,6
7560,15,7
7561,17,7
7562,5,3
7563,9,3
7564,17,3
7565,7,5
7566,20,6
7567,5,2
7568,3,1
7569,8,3
7570,10,1
7571,6,7
7572,15,2
7573,1,5
7574,16,3
7575,9,5
7576,14,7
7577,4,6
7578,6,6
7579,5,4
7580,6,6
7581,16,3
7582,12,1
7583,15,7
7584,18,4
7585,18,2
7586,10,7
7587,8,6
7588,10,1
7589,15,3
7590,3,5
7591,19,4
7592,11,3
7593,19,2
7594,9,7
7595,20,2
7596,20,6
7597,9,7
7598,7,5
7599,20,3
7600,10,1
7601,5,2
7602,14,6
7603,10,5
7604,1,4
7605,13,6
7606,12,6
7607,20,4
7608,6,5
7609,5,5
7610,3,3
7611,4,7
7612,17,5
7613,16,6
7614,11,5
7615,5,7
7616,2,7
7617,9,1
7618,3,5
7619,1,5
7620,2,7
7621,11,1
7622,15,3
7623,9,4
7624,8,3
7625,13,4
7626,15,2
7627,7,5
7628,15,5
7629,19,6
7630,5,1
7631,15,7
7632,15,3
7633,7,4
7634,14,5
7635,8,4
7636,19,4
7637,4,3
7638,10,2
7639,20,4
7640,17,7
7641,3,2
7642,1,7
7643,13,2
7644,9,4
7645,12,6
7646,10,5
7647,1,1
7648,18,3
7649,12,1
7650,12,1
7651,14,4
7652,17,2
7653,1,5
7654,11,3
7655,6,5
7656,7,2
7657,11,3
7658,16,7
7659,11,4
7660,19,3
7661,6,6
7662,18,5
7663,13,2
7664,2,2
7665,2,2
7666,19,4
7667,18,3
7668,13,6
7669,12,7
7670,11,4
7671,2,6
7672,11,1
7673,17,1
7674,3,1
7675,14,7
7676,17,2
7677,6,3
7678,3,7
7679,9,7
7680,19,6
7681,5,7
7682,7,1
7683,1,4
7684,20,2
7685,4,6
7686,6,7
7687,11,1
7688,4,7
7689,7,2
7690,10,3
7691,11,4
7692,11,5
7693,1,3
7694,7,7
7695,6,6
7696,5,2
7697,3,4
7698,18,3
7699,7,6
7700,19,1
7701,14,5
7702,6,5
7703,6,3
7704,9,6
7705,3,5
7706,11,5
7707,11,7
7708,19,1
7709,16,7
7710,4,1
7711,10,2
7712,10,5
7713,5,4
7714,9,2
7715,2,1
7716,20,5
7717,8,6
7718,19,4
7719,15,2
7720,6,6
7721,10,1
7722,7,6
7723,2,1
7724,10,2
7725,15,7
7726,20,2
7727,4,2
7728,3,1
7729,13,3
7730,5,3
7731,11,1
7732,4,7
7733,20,3
7734,6,4
7735,6,5
7736,19,1
7737,11,2
7738,5,3
7739,18,6
7740,7,4
7741,11,4
7742,14,4
7743,12,7
7744,7,1
7745,17,4
7746,9,7
7747,13,5
7748,12,3
7749,11,6
7750,9,3
7751,9,6
7752,7,7
7753,6,3
7754,19,3
7755,6,6
7756,17,5
7757,15,1
7758,14,2
7759,18,5
7760,2,6
7761,13,3
7762,12,6
7763,14,6
7764,9,3
7765,1,7
7766,12,4
7767,15,2
7768,11,7
7769,2,7
7770,6,7
7771,7,4
7772,13,6
7773,20,4
7774,8,1
7775,20,5
7776,15,7
7777,13,1
7778,17,7
7779,1,5
7780,4,4
7781,18,7
7782,16,4
7783,9,2
7784,2,3
7785,9,4
7786,16,5
7787,14,1
7788,1,1
7789,11,3
7790,18,3
7791,14,4
7792,9,3
7793,13,1
7794,6,6
7795,6,3
7796,19,6
7797,17,1
7798,8,3
7799,17,5
7800,14,4
7801,13,7
7802,15,1
7803,11,1
7804,5,7
7805,5,1
7806,7,5
7807,15,2
7808,3,4
7809,20,2
7810,19,6
7811,19,1
7812,17,2
7813,20,6
7814,4,6
7815,7,5
7816,14,3
7817,5,4
7818,3,4
7819,5,2
7820,20,6
7821,17,7
7822,8,2
7823,7,2
7824,9,5
7825,5,3
7826,16,1
7827,4,3
7828,14,3
7829,8,6
7830,7,2
7831,19,6
7832,11,3
7833,5,5
7834,2,6
7835,2,3
7836,13,7
7837,3,1
7838,13,2
7839,16,3
7840,15,7
7841,12,3
7842,13,5
7843,11,3
7844,19,1
7845,16,3
7846,18,7
7847,7,6
7848,5,3
7849,13,2
7850,3,1
7851,14,1
7852,18,2
7853,17,3
7854,14,2
7855,11,1
7856,10,4
7857,4,4
7858,17,1
7859,10,3
7860,3,3
7861,17,7
7862,1,2
7863,16,6
7864,14,7
7865,3,3
7866,9,5
7867,19,1
7868,16,3
7869,17,3
7870,2,4
7871,5,2
7872,7,1
7873,3,1
7874,7,2
7875,12,1
7876,6,1
7877,8,3
7878,2,4
7879,7,7
7880,17,3
7881,4,1
7882,17,1
7883,5,4
7884,15,6
7885,7,7
7886,16,6
7887,18,6
7888,1,4
7889,6,2
7890,12,6
7891,2,3
7892,10,5
7893,18,2
7894,11,2
7895,10,2
7896,12,6
7897,14,6
7898,8,3
7899,16,4
7900,1,6
7901,3,6
7902,20,4
7903,7,3
7904,19,1
7905,10,6
7906,17,6
7907,2,7
7908,5,1
7909,8,6
7910,9,6
7911,12,4
7912,4,5
7913,7,1
7914,13,6
7915,8,2
7916,13,3
7917,10,4
7918,13,4
7919,2,2
7920,16,6
7921,1,1
7922,19,5
7923,5,1
7924,12,2
7925,18,3
7926,1,4
7927,3,5
7928,17,5
7929,16,5
7930,8,1
7931,16,5
7932,1,3
7933,13,2
7934,2,1
7935,8,5
7936,6,5
7937,7,5
7938,9,7
7939,17,7
7940,19,4
7941,19,2
7942,3,6
7943,4,2
7944,18,6
7945,7,2
7946,4,5
7947,7,5
7948,9,6
7949,1,7
7950,3,6
7951,7,7
7952,1,7
7953,8,1
7954,10,3
7955,5,1
7956,6,2
7957,6,2
7958,10,7
7959,14,2
7960,18,1
7961,16,7
7962,17,6
7963,20,2
7964,14,7
7965,2,6
7966,15,2
7967,3,1
7968,5,5
7969,14,5
7970,19,5
7971,1,6
7972,4,7
7973,18,6
7974,3,2
7975,6,4
7976,18,1
7977,15,4
7978,3,7
7979,3,1
7980,2,2
7981,2,7
7982,3,4
7983,17,2
7984,13,7
7985,7,4
7986,14,7
7987,2,7
7988,15,6
7989,16,7
7990,18,7
7991,10,4
7992,20,2
7993,15,4
7994,7,7
7995,7,7
7996,12,6
7997,6,2
7998,6,4
7999,18,2
8000,8,6
8001,20,1
8002,14,7
8003,3,6
8004,6,7
8005,13,3
8006,2,5
8007,16,6
8008,17,7
8009,3,2
8010,7,5
8011,10,1
8012,15,1
8013,13,2
8014,2,3
8015,17,4
8016,15,7
8017,9,1
8018,15,1
8019,6,7
8020,1,6
8021,1,3
8022,4,7
8023,20,4
8024,9,7
8025,9,7
8026,10,4
8027,2,7
8028,15,5
8029,7,2
8030,19,4
8031,4,3
8032,15,1
8033,7,3
8034,8,5
8035,20,7
8036,5,7
8037,12,5
8038,19,5
8039,8,2
8040,8,7
8041,6,3
8042,8,2
8043,15,5
8044,19,7
8045,15,6
8046,17,2
8047,8,1
8048,2,6
8049,6,4
8050,15,6
8051,18,3
8052,16,2
8053,1,3
8054,15,4
8055,2,6
8056,10,2
8057,4,7
8058,7,3
8059,5,1
8060,19,4
8061,7,3
8062,16,4
8063,19,5
8064,8,1
8065,17,5
8066,17,5
8067,15,2
8068,11,1
8069,1,6
8070,11,7
8071,11,2
8072,4,1
8073,12,5
8074,4,6
8075,16,5
8076,15,5
8077,2,6
8078,4,4
8079,1,1
8080,13,7
8081,7,7
8082,19,6
8083,5,1
8084,4,6
8085,16,1
8086,1,1
8087,17,3
8088,5,1
8089,17,7
8090,19,3
8091,12,4
8092,18,7
8093,11,7
8094,18,1
8095,19,4
8096,8,4
8097,18,5
8098,3,3
8099,13,4
8100,12,6
8101,18,3
8102,2,4
8103,3,2
8104,3,7
8105,13,1
8106,18,3
8107,5,7
8108,14,6
8109,3,7
8110,14,1
8111,8,7
8112,11,3
8113,6,2
8114,18,6
8115,1,4
8116,2,3
8117,13,6
8118,17,5
8119,7,4
8120,12,1
8121,12,6
8122,2,1
8123,2,6
8124,18,1
8125,18,5
8126,2,6
8127,5,4
8128,3,2
8129,5,5
8130,3,1
8131,11,6
8132,1,7
8133,3,6
8134,19,3
8135,10,4
8136,9,1
8137,20,7
8138,12,7
8139,19,4
8140,1,4
8141,4,7
8142,11,7
8143,16,1
8144,18,7
8145,12,2
8146,8,4
8147,15,2
8148,20,6
8149,20,4
8150,18,2
8151,15,5
8152,6,6
8153,8,1
8154,12,5
8155,7,4
8156,15,1
8157,1,4
8158,13,6
8159,1,5
8160,20,5
8161,3,4
8162,11,3
8163,19,7
8164,11,3
8165,18,3
8166,5,5
8167,20,5
8168,8,4
8169,19,2
8170,4,4
8171,17,3
8172,6,5
8173,12,5
8174,14,4
8175,19,1
8176,11,2
8177,13,1
8178,2,4
8179,5,6
8180,19,1
8181,17,7
8182,8,6
8183,1,3
8184,8,5
8185,14,4
8186,8,5
8187,4,6
8188,2,7
8189,3,2
8190,14,2
8191,15,2
8192,5,7
8193,11,1
8194,17,7
8195,16,1
8196,11,4
8197,3,6
8198,20,4
8199,18,4
8200,12,3
8201,2,1
8202,15,3
8203,11,7
8204,15,7
8205,5,4
8206,3,1
8207,4,4
8208,1,2
8209,8,4
8210,14,1
8211,19,5
8212,8,7
8213,12,5
8214,12,5
8215,18,2
8216,8,5
8217,17,5
8218,16,6
8219,20,3
8220,16,3
8221,7,7
8222,15,7
8223,5,3
8224,14,4
8225,18,4
8226,10,4
8227,6,7
8228,8,5
8229,20,3
8230,14,6
8231,18,2
8232,16,7
8233,3,3
8234,18,1
8235,4,3
8236,4,2
8237,13,4
8238,9,7
8239,14,2
8240,20,7
8241,5,7
8242,20,3
8243,3,3
8244,12,3
8245,3,7
8246,16,3
8247,19,4
8248,6,5
8249,3,6
8250,19,2
8251,15,1
8252,2,7
8253,13,1
8254,4,3
8255,10,5
8256,1,3
8257,10,5
8258,6,3
8259,4,2
8260,10,7
8261,18,3
8262,12,1
8263,1,5
8264,2,1
8265,6,1
8266,11,3
8267,16,6
8268,2,6
8269,19,7
8270,13,7
8271,5,4
8272,13,6
8273,20,2
8274,20,6
8275,3,1
8276,14,6
8277,18,1
8278,16,6
8279,2,7
8280,10,3
8281,13,6
8282,7,1
8283,12,7
8284,1,2
8285,15,7
8286,9,2
8287,1,2
8288,12,6
8289,13,5
8290,2,4
8291,17,7
8292,2,7
8293,3,5
8294,5,6
8295,18,7
8296,8,4
8297,13,4
8298,15,4
8299,1,6
8300,19,2
8301,6,2
8302,9,2
8303,9,7
8304,1,7
8305,10,6
8306,19,2
8307,4,7
8308,9,6
8309,8,3
8310,10,1
8311,19,1
8312,17,1
8313,14,1
8314,15,3
8315,12,3
8316,19,3
8317,19,6
8318,14,5
8319,5,5
8320,13,4
8321,18,3
8322,19,4
8323,9,7
8324,20,1
8325,4,5
8326,15,4
8327,5,3
8328,1,5
8329,7,4
8330,18,6
8331,19,7
8332,18,6
8333,12,2
8334,8,3
8335,18,6
8336,16,6
8337,20,1
8338,11,6
8339,12,2
8340,20,1
8341,8,4
8342,3,6
8343,7,4
8344,8,2
8345,2,1
8346,7,3
8347,9,2
8348,15,2
8349,13,6
8350,11,3
8351,2,3
8352,7,2
8353,3,7
8354,4,5
8355,20,7
8356,15,5
8357,18,3
8358,11,5
8359,13,6
8360,18,5
8361,10,3
8362,14,3
8363,9,3
8364,7,4
8365,8,1
8366,19,2
8367,5,4
8368,12,3
8369,14,6
8370,4,2
8371,8,6
8372,7,4
8373,13,2
8374,4,1
8375,8,4
8376,5,7
8377,3,5
8378,10,7
8379,3,2
8380,16,2
8381,19,2
8382,14,6
8383,15,4
8384,16,7
8385,8,7
8386,12,7
8387,5,7
8388,13,4
8389,11,4
8390,8,6
8391,11,6
8392,10,3
8393,9,2
8394,11,3
8395,13,5
8396,18,5
8397,16,1
8398,6,1
8399,7,2
8400,20,4
8401,6,6
8402,4,1
8403,1,2
8404,11,2
8405,5,4
8406,15,4
8407,4,2
8408,6,5
8409,17,5
8410,17,4
8411,19,5
8412,20,5
8413,18,3
8414,5,5
8415,15,1
8416,9,3
8417,3,3
8418,18,5
8419,6,5
8420,19,4
8421,6,2
8422,16,2
8423,3,4
8424,18,3
8425,19,3
8426,14,3
8427,1,6
8428,5,2
8429,14,3
8430,16,4
8431,19,7
8432,8,4
8433,2,6
8434,10,3
8435,10,5
8436,20,5
8437,2,3
8438,11,1
8439,18,5
8440,2,1
8441,8,1
8442,5,1
8443,1,4
8444,3,6
8445,8,2
8446,2,3
8447,17,1
8448,4,7
8449,14,1
8450,13,5
8451,1,6
8452,13,5
8453,8,2
8454,9,1
8455,3,7
8456,11,7
8457,12,1
8458,4,2
8459,9,5
8460,2,2
8461,2,2
8462,1,6
8463,10,1
8464,18,3
8465,2,3
8466,20,1
8467,5,3
8468,9,4
8469,15,4
8470,9,6
8471,15,3
8472,14,1
8473,1,5
8474,16,6
8475,6,3
8476,17,1
8477,18,6
8478,5,4
8479,1,1
8480,19,7
8481,16,6
8482,15,5
8483,16,4
8484,1,4
8485,15,6
8486,4,3
8487,18,2
8488,3,7
8489,10,4
8490,10,5
8491,13,4
8492,10,4
8493,18,1
8494,5,6
8495,13,3
8496,12,1
8497,11,1
8498,4,1
8499,13,7
8500,12,7
8501,7,6
8502,1,6
8503,12,3
8504,16,6
8505,20,1
8506,15,4
8507,17,7
8508,2,2
8509,4,4
8510,12,6
8511,13,1
8512,18,7
8513,8,5
8514,8,2
8515,16,7
8516,1,3
8517,4,2
8518,15,3
8519,18,4
8520,13,3
8521,4,4
8522,11,2
8523,18,3
8524,8,6
8525,2,3
8526,20,4
8527,15,1
8528,20,1
8529,18,2
8530,16,5
8531,8,6
8532,8,2
8533,14,4
8534,16,4
8535,7,7
8536,2,4
8537,10,5
8538,1,2
8539,3,3
8540,4,5
8541,14,5
8542,13,5
8543,15,6
8544,6,6
8545,19,6
8546,8,6
8547,16,4
8548,3,3
8549,6,3
8550,9,5
8551,1,2
8552,7,3
8553,9,4
8554,20,1
8555,7,1
8556,3,1
8557,5,4
8558,10,6
8559,8,7
8560,14,1
8561,9,4
8562,2,7
8563,20,4
8564,6,7
8565,1,3
8566,2,2
8567,6,6
8568,18,7
8569,14,4
8570,9,2
8571,17,3
8572,8,3
8573,13,4
8574,12,4
8575,10,3
8576,8,1
8577,9,7
8578,12,7
8579,9,1
8580,5,6
8581,20,1
8582,12,7
8583,15,1
8584,5,5
8585,10,3
8586,17,3
8587,5,2
8588,10,4
8589,13,2
8590,11,5
8591,4,2
8592,11,5
8593,13,6
8594,5,6
8595,16,3
8596,19,2
8597,20,4
8598,10,3
8599,4,3
8600,2,4
8601,9,6
8602,15,2
8603,8,5
8604,19,1
8605,4,4
8606,13,6
8607,18,2
8608,3,2
8609,7,2
8610,4,7
8611,19,3
8612,8,5
8613,3,5
8614,6,6
8615,2,1
8616,20,1
8617,7,6
8618,3,6
8619,20,1
8620,10,6
8621,16,4
8622,1,5
8623,6,3
8624,19,6
8625,13,1
8626,18,3
8627,19,2
8628,12,5
8629,15,6
8630,15,3
8631,19,7
8632,13,1
8633,8,5
8634,14,5
8635,16,4
8636,9,6
8637,3,6
8638,11,2
8639,12,7
8640,14,5
8641,7,6
8642,11,2
8643,18,6
8644,1,2
8645,4,6
8646,14,5
8647,18,5
8648,14,1
8649,5,6
8650,2,4
8651,7,7
8652,11,1
8653,9,1
8654,14,7
8655,11,4
8656,6,7
8657,9,6
8658,18,7
8659,12,6
8660,11,3
8661,1,4
8662,17,7
8663,2,5
8664,2,5
8665,16,4
8666,2,7
8667,3,5
8668,20,1
8669,6,6
8670,13,3
8671,9,1
8672,15,2
8673,12,5
8674,8,7
8675,3,7
8676,1,7
8677,14,6
8678,10,2
8679,17,3
8680,10,2
8681,10,3
8682,20,3
8683,9,4
8684,15,1
8685,19,1
8686,9,3
8687,12,3
8688,8,6
8689,15,6
8690,1,7
8691,7,7
8692,13,7
8693,3,6
8694,13,4
8695,11,4
8696,14,1
8697,10,3
8698,18,7
8699,17,6
8700,17,2
8701,20,4
8702,13,5
8703,11,6
8704,10,2
8705,17,7
8706,10,4
8707,12,4
8708,5,5
8709,6,7
8710,16,5
8711,9,3
8712,7,2
8713,6,2
8714,8,3
8715,20,3
8716,10,4
8717,8,3
8718,17,2
8719,14,1
8720,12,6
8721,9,4
8722,15,2
8723,10,2
8724,8,5
8725,18,6
8726,13,1
8727,7,6
8728,6,3
8729,15,1
8730,17,3
8731,14,1
8732,13,2
8733,1,2
8734,4,6
8735,17,7
8736,12,1
8737,9,7
8738,1,5
8739,19,7
8740,3,5
8741,17,7
8742,11,4
8743,12,7
8744,4,3
8745,15,4
8746,13,5
8747,12,3
8748,2,2
8749,19,5
8750,7,2
8751,20,1
8752,9,7
8753,16,5
8754,13,4
8755,3,6
8756,16,6
8757,8,6
8758,19,7
8759,12,1
8760,11,1
8761,13,4
8762,12,4
8763,3,4
8764,17,7
8765,7,7
8766,13,1
8767,11,3
8768,8,4
8769,14,7
8770,14,7
8771,14,6
8772,2,1
8773,5,2
8774,8,5
8775,15,1
8776,12,7
8777,8,4
8778,6,2
8779,18,7
8780,12,4
8781,13,7
8782,15,1
8783,15,2
8784,17,2
8785,17,4
8786,18,7
8787,7,6
8788,9,7
8789,8,1
8790,15,7
8791,7,7
8792,17,6
8793,11,7
8794,12,7
8795,17,5
8796,1,4
8797,1,3
8798,9,7
8799,13,4
8800,9,5
8801,1,4
8802,15,1
8803,12,1
8804,19,1
8805,14,1
8806,16,6
8807,17,3
8808,15,4
8809,9,7
8810,5,7
8811,16,1
8812,13,3
8813,18,5
8814,2,1
8815,10,7
8816,2,3
8817,4,3
8818,4,2
8819,17,3
8820,19,3
8821,5,3
8822,2,1
8823,2,5
8824,17,1
8825,17,6
8826,5,4
8827,15,2
8828,17,6
8829,18,4
8830,16,7
8831,12,7
8832,12,4
8833,17,2
8834,1,1
8835,3,2
8836,13,4
8837,19,1
8838,19,4
8839,10,4
8840,5,6
8841,2,4
8842,12,6
8843,8,2
8844,17,7
8845,7,7
8846,18,2
8847,6,6
8848,6,5
8849,5,2
8850,1,1
8851,6,6
8852,5,7
8853,6,5
8854,2,3
8855,17,6
8856,16,6
8857,8,5
8858,11,2
8859,8,2
8860,8,4
8861,6,1
8862,12,5
8863,4,4
8864,14,6
8865,8,3
8866,19,1
8867,3,1
8868,20,4
8869,2,7
8870,12,1
8871,5,3
8872,17,3
8873,8,4
8874,6,4
8875,5,6
8876,5,4
8877,5,1
8878,14,2
8879,13,1
8880,13,3
8881,4,3
8882,14,6
8883,7,3
8884,8,2
8885,13,4
8886,7,6
8887,9,1
8888,13,3
8889,18,2
8890,15,1
8891,16,4
8892,10,7
8893,3,6
8894,17,1
8895,16,3
8896,7,7
8897,19,1
8898,19,2
8899,4,2
8900,5,7
8901,9,7
8902,18,7
8903,4,3
8904,20,7
8905,11,2
8906,11,1
8907,9,7
8908,11,7
8909,8,5
8910,18,2
8911,16,7
8912,14,4
8913,18,7
8914,10,4
8915,12,7
8916,12,6
8917,3,7
8918,20,7
8919,11,7
8920,6,3
8921,2,6
8922,18,5
8923,17,3
8924,6,1
8925,1,4
8926,11,7
8927,14,7
8928,3,6
8929,18,6
8930,5,2
8931,13,7
8932,5,6
8933,16,6
8934,11,7
8935,8,7
8936,10,1
8937,11,4
8938,15,4
8939,15,4
8940,16,1
8941,18,6
8942,11,5
8943,15,6
8944,15,7
8945,1,5
8946,18,3
8947,19,2
8948,12,7
8949,10,1
8950,7,2
8951,14,1
8952,11,3
8953,8,3
8954,11,5
8955,7,3
8956,15,4
8957,15,6
8958,9,6
8959,5,4
8960,4,6
8961,11,2
8962,8,3
8963,14,3
8964,1,1
8965,18,7
8966,13,6
8967,7,4
8968,5,1
8969,13,3
8970,1,6
8971,9,5
8972,6,6
8973,9,4
8974,1,5
8975,14,4
8976,13,1
8977,19,4
8978,11,4
8979,19,6
8980,14,7
8981,19,5
8982,7,5
8983,20,7
8984,8,2
8985,14,1
8986,8,5
8987,16,7
8988,13,1
8989,14,2
8990,10,7
8991,18,4
8992,11,1
8993,8,7
8994,10,3
8995,18,5
8996,5,7
8997,6,3
8998,19,2
8999,15,5
9000,7,2
9001,12,2
9002,13,6
9003,10,3
9004,14,4
9005,1,3
9006,19,2
9007,3,2
9008,14,2
9009,12,3
9010,14,1
9011,2,6
9012,3,5
9013,12,4
9014,11,2
9015,18,1
9016,15,1
9017,1,4
9018,7,4
9019,13,3
9020,11,7
9021,19,3
9022,16,6
9023,11,2
9024,6,4
9025,4,1
9026,14,5
9027,9,4
9028,4,4
9029,14,6
9030,11,6
9031,15,6
9032,2,5
9033,20,4
9034,12,2
9035,7,5
9036,1,2
9037,3,1
9038,5,4
9039,14,4
9040,20,4
9041,16,4
9042,13,6
9043,7,1
9044,7,1
9045,1,5
9046,16,5
9047,4,2
9048,19,2
9049,1,2
9050,13,4
9051,9,6
9052,7,6
9053,7,1
9054,10,3
9055,20,1
9056,4,6
9057,14,5
9058,19,4
9059,11,3
9060,12,6
9061,19,2
9062,11,1
9063,7,3
9064,2,3
9065,11,2
9066,16,3
9067,17,4
9068,7,2
9069,10,1
9070,2,4
9071,20,7
9072,10,5
9073,20,7
9074,13,7
9075,11,6
9076,18,7
9077,6,3
9078,19,1
9079,19,5
9080,11,2
9081,7,2
9082,10,7
9083,7,4
9084,7,6
9085,18,5
9086,20,5
9087,8,4
9088,3,2
9089,8,5
9090,2,7
9091,18,7
9092,1,3
9093,14,7
9094,15,4
9095,19,5
9096,19,5
9097,12,2
9098,18,6
9099,8,7
9100,7,5
9101,6,2
9102,3,4
9103,8,3
9104,13,7
9105,10,2
9106,1,3
9107,3,5
9108,9,6
9109,15,7
9110,7,6
9111,11,5
9112,8,1
9113,13,6
9114,2,5
9115,7,6
9116,5,4
9117,16,7
9118,12,1
9119,10,6
9120,4,4
9121,15,4
9122,17,5
9123,8,1
9124,1,4
9125,4,2
9126,18,7
9127,2,1
9128,9,3
9129,2,4
9130,1,7
9131,16,2
9132,9,3
9133,8,7
9134,9,2
9135,10,7
9136,1,1
9137,13,5
9138,16,7
9139,13,6
9140,18,2
9141,6,5
9142,4,1
9143,12,1
9144,3,2
9145,11,4
9146,7,5
9147,8,1
9148,3,7
9149,15,1
9150,13,1
9151,4,2
9152,6,5
9153,2,5
9154,1,2
9155,1,6
9156,1,5
9157,18,1
9158,8,3
9159,14,2
9160,10,2
9161,19,5
9162,6,3
9163,8,2
9164,20,4
9165,15,2
9166,4,7
9167,3,4
9168,17,3
9169,8,4
9170,19,1
9171,20,5
9172,6,7
9173,1,6
9174,10,5
9175,6,7
9176,13,4
9177,6,7
9178,20,6
9179,14,3
9180,9,2
9181,8,3
9182,8,2
9183,13,6
9184,4,2
9185,6,6
9186,17,2
9187,9,3
9188,15,3
9189,18,2
9190,3,7
9191,12,6
9192,18,2
9193,19,7
9194,17,2
9195,8,2
9196,6,5
9197,17,4
9198,4,7
9199,12,5
9200,13,2
9201,2,6
9202,10,3
9203,14,4
9204,17,4
9205,18,1
9206,18,5
9207,14,1
9208,18,4
9209,18,7
9210,5,4
9211,2,2
9212,18,4
9213,3,7
9214,16,6
9215,2,2
9216,7,2
9217,2,3
9218,15,4
9219,9,3
9220,5,2
9221,10,5
9222,20,5
9223,12,6
9224,12,7
9225,7,2
9226,15,3
9227,12,5
9228,4,7
9229,20,5
9230,1,7
9231,15,4
9232,5,6
9233,20,2
9234,12,4
9235,20,7
9236,2,1
9237,4,6
9238,11,3
9239,8,4
9240,16,3
9241,14,5
9242,7,2
9243,15,3
9244,4,5
9245,16,6
9246,1,1
9247,19,4
9248,4,6
9249,19,5
9250,16,3
9251,20,5
9252,17,4
9253,3,4
9254,3,4
9255,5,3
9256,9,6
9257,6,5
9258,18,4
9259,14,7
9260,13,1
9261,4,1
9262,15,2
9263,3,2
9264,15,2
9265,18,7
9266,1,1
9267,15,2
9268,9,3
9269,14,5
9270,6,1
9271,8,4
9272,11,2
9273,16,1
9274,8,4
9275,1,6
9276,12,2
9277,15,4
9278,3,7
9279,14,3
9280,18,3
9281,16,3
9282,8,4
9283,6,6
9284,18,4
9285,18,5
9286,3,5
9287,4,1
9288,7,4
9289,9,1
9290,1,3
9291,17,2
9292,4,2
9293,11,7
9294,16,4
9295,8,1
9296,5,5
9297,12,2
9298,3,2
9299,7,7
9300,14,1
9301,20,6
9302,9,1
9303,18,6
9304,10,6
9305,6,1
9306,19,5
9307,11,4
9308,6,7
9309,2,6
9310,17,6
9311,16,2
9312,4,2
9313,8,4
9314,7,7
9315,11,4
9316,19,7
9317,3,2
9318,6,2
9319,7,3
9320,1,1
9321,1,2
9322,10,3
9323,3,7
9324,2,2
9325,13,1
9326,9,6
9327,12,6
9328,18,4
9329,16,3
9330,14,4
9331,12,1
9332,14,6
9333,4,6
9334,4,3
9335,1,5
9336,6,7
9337,16,5
9338,2,1
9339,16,2
9340,18,4
9341,5,6
9342,18,2
9343,14,6
9344,12,7
9345,1,1
9346,15,6
9347,17,3
9348,18,5
9349,13,4
9350,1,6
9351,9,3
9352,12,4
9353,15,3
9354,3,5
9355,18,5
9356,5,6
9357,19,7
9358,13,7
9359,3,5
9360,5,1
9361,5,1
9362,14,4
9363,15,2
9364,5,2
9365,20,6
9366,5,7
9367,19,4
9368,10,2
9369,5,6
9370,12,5
9371,3,4
9372,1,2
9373,2,3
9374,17,2
9375,20,7
9376,13,7
9377,19,2
9378,8,4
9379,6,4
9380,10,5
9381,3,6
9382,4,7
9383,17,3
9384,12,3
9385,16,7
9386,9,2
9387,14,7
9388,6,2
9389,18,6
9390,10,2
9391,18,3
9392,7,6
9393,12,6
9394,18,1
9395,17,1
9396,16,1
9397,6,3
9398,19,3
9399,6,6
9400,3,1
9401,20,7
9402,5,2
9403,15,4
9404,9,2
9405,20,1
9406,5,7
9407,14,7
9408,6,2
9409,4,6
9410,7,1
9411,8,1
9412,9,6
9413,4,7
9414,7,4
9415,9,6
9416,14,4
9417,8,7
9418,2,1
9419,17,5
9420,18,5
9421,12,6
9422,19,6
9423,20,7
9424,9,7
9425,11,4
9426,10,5
9427,7,4
9428,16,5
9429,1,2
9430,13,4
9431,14,7
9432,12,4
9433,20,3
9434,16,5
9435,5,6
9436,18,7
9437,18,3
9438,2,4
9439,15,6
9440,9,1
9441,16,3
9442,7,6
9443,3,2
9444,10,3
9445,4,6
9446,15,6
9447,7,1
9448,3,2
9449,17,1
9450,19,2
9451,7,6
9452,2,6
9453,1,4
9454,8,7
9455,17,7
9456,2,5
9457,5,1
9458,3,4
9459,4,1
9460,10,5
9461,11,7
9462,12,4
9463,12,1
9464,15,5
9465,5,6
9466,14,2
9467,5,1
9468,16,4
9469,3,7
9470,5,3
9471,5,3
9472,10,5
9473,13,7
9474,3,3
9475,18,5
9476,19,6
9477,11,6
9478,6,1
9479,14,2
9480,11,5
9481,16,2
9482,1,5
9483,19,3
9484,3,1
9485,15,1
9486,20,6
9487,2,2
9488,16,7
9489,1,7
9490,12,4
9491,8,5
9492,7,1
9493,19,2
9494,4,6
9495,18,3
9496,19,6
9497,20,3
9498,3,3
9499,16,6
9500,13,1
9501,14,2
9502,5,5
9503,2,6
9504,11,5
9505,14,4
9506,16,7
9507,11,7
9508,1,5
9509,1,4
9510,15,7
9511,15,4
9512,18,3
9513,16,4
9514,12,1
9515,3,4
9516,20,5
9517,7,6
9518,12,5
9519,19,7
9520,1,4
9521,10,1
9522,3,6
9523,11,3
9524,14,6
9525,17,5
9526,18,2
9527,18,7
9528,14,4
9529,10,3
9530,12,3
9531,15,6
9532,16,5
9533,6,4
9534,20,4
9535,6,2
9536,20,3
9537,7,2
9538,19,2
9539,15,4
9540,8,4
9541,15,2
9542,5,4
9543,5,3
9544,4,5
9545,14,2
9546,1,2
9547,11,7
9548,11,5
9549,18,1
9550,1,5
9551,6,7
9552,15,4
9553,14,1
9554,17,4
9555,11,7
9556,12,1
9557,5,5
9558,7,6
9559,15,2
9560,6,6
9561,1,5
9562,12,5
9563,16,4
9564,7,6
9565,13,4
9566,1,2
9567,2,1
9568,12,3
9569,1,7
9570,19,5
9571,9,4
9572,2,4
9573,9,5
9574,14,1
9575,15,7
9576,16,1
9577,1,4
9578,8,6
9579,14,3
9580,6,2
9581,6,3
9582,10,1
9583,3,6
9584,14,1
9585,16,6
9586,15,1
9587,11,4
9588,5,1
9589,3,1
9590,7,1
9591,12,2
9592,18,1
9593,17,2
9594,9,7
9595,3,3
9596,8,2
9597,20,5
9598,15,6
9599,19,1
9600,2,2
9601,12,3
9602,19,4
9603,13,1
9604,4,6
9605,10,5
9606,18,7
9607,20,1
9608,20,7
9609,16,7
9610,5,1
9611,9,2
9612,17,3
9613,12,3
9614,13,1
9615,9,4
9616,15,3
9617,4,2
9618,12,6
9619,2,7
9620,5,2
9621,7,4
9622,11,4
9623,18,5
9624,2,4
9625,13,3
9626,20,2
9627,14,3
9628,19,7
9629,7,7
9630,12,7
9631,9,2
9632,2,7
9633,15,1
9634,12,7
9635,20,4
9636,12,4
9637,10,7
9638,14,1
9639,11,3
9640,16,1
9641,10,5
9642,14,6
9643,9,6
9644,13,3
9645,20,4
9646,5,1
9647,6,1
9648,3,7
9649,15,6
9650,14,4
9651,19,7
9652,20,2
9653,6,1
9654,8,2
9655,11,6
9656,20,1
9657,7,2
9658,13,4
9659,12,2
9660,9,6
9661,2,4
9662,16,7
9663,12,1
9664,3,3
9665,8,1
9666,2,2
9667,1,6
9668,2,3
9669,6,2
9670,19,7
9671,9,1
9672,18,1
9673,17,1
9674,14,7
9675,6,2
9676,14,1
9677,9,1
9678,12,7
9679,2,2
9680,9,5
9681,18,3
9682,17,2
9683,4,3
9684,13,4
9685,8,7
9686,13,3
9687,12,6
9688,19,4
9689,3,6
9690,2,7
9691,10,2
9692,6,2
9693,1,6
9694,5,4
9695,5,6
9696,2,3
9697,12,1
9698,3,3
9699,2,6
9700,20,1
9701,19,1
9702,18,5
9703,15,4
9704,8,7
9705,2,6
9706,13,7
9707,4,6
9708,10,4
9709,1,7
9710,12,4
9711,7,5
9712,14,2
9713,17,6
9714,4,2
9715,8,4
9716,2,4
9717,18,4
9718,15,1
9719,11,5
9720,15,5
9721,20,2
9722,10,2
9723,8,4
9724,15,7
9725,2,4
9726,7,5
9727,10,6
9728,14,3
9729,2,5
9730,20,4
9731,1,4
9732,12,7
9733,9,2
9734,16,5
9735,8,2
9736,20,4
9737,4,5
9738,2,5
9739,9,6
9740,11,5
9741,7,2
9742,20,6
9743,11,4
9744,6,2
9745,15,7
9746,15,2
9747,5,1
9748,14,4
9749,4,6
9750,17,1
9751,7,4
9752,1,5
9753,7,5
9754,19,3
9755,12,6
9756,20,6
9757,4,6
9758,1,1
9759,11,2
9760,1,7
9761,17,6
9762,2,4
9763,15,6
9764,11,1
9765,9,3
9766,7,3
9767,9,6
9768,1,4
9769,3,6
9770,1,7
9771,16,6
9772,20,1
9773,2,6
9774,10,5
9775,17,1
9776,8,4
9777,20,5
9778,2,1
9779,16,7
9780,16,4
9781,18,7
9782,18,4
9783,3,6
9784,11,5
9785,17,7
9786,17,6
9787,18,6
9788,12,1
9789,20,6
9790,2,3
9791,4,7
9792,14,6
9793,17,2
9794,5,5
9795,17,6
9796,8,5
9797,1,1
9798,19,2
9799,7,5
9800,12,7
9801,5,6
9802,1,6
9803,13,3
9804,11,3
9805,9,1
9806,11,2
9807,16,3
9808,17,5
9809,11,2
9810,19,4
9811,16,7
9812,7,2
9813,19,5
9814,1,4
9815,17,2
9816,16,4
9817,7,3
9818,18,4
9819,8,4
9820,11,2
9821,15,1
9822,2,1
9823,5,4
9824,20,3
9825,6,4
9826,2,2
9827,8,1
9828,19,4
9829,3,7
9830,3,4
9831,4,5
9832,3,3
9833,1,4
9834,12,6
9835,2,6
9836,6,3
9837,20,2
9838,2,2
9839,10,3
9840,15,2
9841,17,5
9842,18,7
9843,14,7
9844,1,7
9845,13,3
9846,4,4
9847,15,3
9848,16,5
9849,19,2
9850,9,4
9851,7,7
9852,17,2
9853,4,6
9854,7,6
9855,2,2
9856,17,1
9857,5,7
9858,12,6
9859,10,3
9860,14,7
9861,10,2
9862,2,5
9863,19,1
9864,1,7
9865,10,7
9866,6,7
9867,3,4
9868,10,5
9869,19,6
9870,12,5
9871,16,2
9872,19,1
9873,5,3
9874,16,1
9875,2,5
9876,19,6
9877,9,7
9878,3,7
9879,1,5
9880,7,7
9881,6,3
9882,13,1
9883,19,3
9884,1,7
9885,14,1
9886,4,6
9887,7,3
9888,4,5
9889,15,4
9890,20,3
9891,1,4
9892,20,6
9893,2,1
9894,11,2
9895,15,7
9896,18,2
9897,15,5
9898,1,3
9899,15,2
9900,15,2
9901,2,4
9902,19,3
9903,1,6
9904,1,6
9905,20,7
9906,11,3
9907,6,3
9908,15,2
9909,11,7
9910,9,4
9911,11,7
9912,9,2
9913,2,5
9914,1,1
9915,9,5
9916,13,7
9917,11,3
9918,17,6
9919,4,4
9920,14,4
9921,12,4
9922,16,2
9923,15,5
9924,16,1
9925,9,3
9926,14,6
9927,8,3
9928,18,3
9929,17,7
9930,10,4
9931,10,4
9932,5,2
9933,10,1
9934,7,3
9935,2,4
9936,7,2
9937,7,5
9938,20,6
9939,1,3
9940,17,3
9941,2,6
9942,15,4
9943,1,4
9944,19,5
9945,20,5
9946,7,1
9947,9,4
9948,3,3
9949,12,6
9950,5,2
9951,1,5
9952,13,7
9953,13,7
9954,9,7
9955,9,3
9956,12,7
9957,3,6
9958,16,2
9959,18,3
9960,8,4
9961,2,5
9962,7,2
9963,11,3
9964,16,2
9965,19,1
9966,6,3
9967,14,6
9968,5,2
9969,4,7
9970,19,1
9971,3,7
9972,16,1
9973,5,6
9974,14,3
9975,15,2
9976,14,2
9977,17,4
9978,4,7
9979,18,1
9980,15,2
9981,8,3
9982,3,3
9983,19,6
9984,15,3
9985,6,2
9986,16,4
9987,12,2
9988,15,3
9989,16,7
9990,4,4
9991,7,3
9992,4,2
9993,1,6
9994,16,1
9995,5,7
9996,14,3
9997,11,2
9998,17,4
9999,4,6
10000,17,3
10001,9,4
10002,18,7
10003,11,7
10004,12,3
10005,5,6
10006,14,5
10007,20,1
10008,6,2
10009,9,6
10010,2,2
10011,20,1
10012,16,5
10013,16,6
10014,16,1
10015,11,7
10016,10,1
10017,2,7
10018,3,1
10019,12,4
10020,14,4
10021,13,4
10022,9,5
10023,8,2
10024,12,5
10025,15,5
10026,16,3
10027,5,2
10028,18,7
10029,14,3
10030,18,7
10031,4,1
10032,5,6
10033,7,4
10034,16,3
10035,1,3
10036,11,3
10037,7,2
10038,7,2
10039,18,5
10040,19,1
10041,6,1
10042,4,2
10043,14,2
10044,6,5
10045,14,2
10046,3,1
10047,2,2
10048,4,1
10049,11,5
10050,8,6
10051,2,7
10052,18,1
10053,14,2
10054,8,4
10055,12,1
10056,12,3
10057,6,2
10058,1,5
10059,8,5
10060,4,1
10061,2,2
10062,16,2
10063,6,3
10064,7,6
10065,1,1
10066,19,1
10067,20,7
10068,17,1
10069,1,3
10070,15,5
10071,16,5
10072,1,3
10073,13,5
10074,10,4
10075,5,4
10076,11,5
10077,13,1
10078,17,5
10079,13,7
10080,7,5
10081,12,1
10082,19,4
10083,3,1
10084,3,1
10085,3,7
10086,14,7
10087,6,1
10088,5,3
10089,12,1
10090,7,2
10091,16,2
10092,4,3
10093,2,5
10094,1,5
10095,19,6
10096,16,6
10097,12,5
10098,6,1
10099,14,3
10100,6,3
10101,20,1
10102,14,2
10103,19,1
10104,6,7
10105,16,7
10106,4,5
10107,12,2
10108,13,2
10109,14,4
10110,4,2
10111,15,3
10112,9,5
10113,3,1
10114,18,5
10115,8,1
10116,4,3
10117,10,5
10118,16,5
10119,4,5
10120,7,1
10121,3,4
10122,17,2
10123,3,5
10124,18,5
10125,11,6
10126,10,3
10127,6,1
10128,8,6
10129,4,3
10130,8,7
10131,15,7
10132,5,2
10133,13,3
10134,19,2
10135,8,4
10136,12,2
10137,1,7
10138,8,2
10139,2,7
10140,5,4
10141,2,2
10142,3,3
10143,13,4
10144,10,2
10145,19,7
10146,11,3
10147,17,3
10148,20,1
10149,18,3
10150,8,5
10151,16,4
10152,19,7
10153,19,7
10154,6,2
10155,10,2
10156,7,5
10157,8,7
10158,18,1
10159,11,5
10160,8,6
10161,7,6
10162,13,3
10163,9,4
10164,5,2
10165,9,4
10166,8,5
10167,11,7
10168,4,4
10169,5,5
10170,2,3
10171,10,6
10172,13,7
10173,19,6
10174,10,7
10175,13,5
10176,19,7
10177,1,4
10178,12,7
10179,19,4
10180,10,7
10181,10,1
10182,13,3
10183,11,3
10184,18,5
10185,9,4
10186,5,3
10187,3,1
10188,17,1
10189,4,6
10190,15,2
10191,18,1
10192,7,6
10193,15,5
10194,6,4
10195,1,7
10196,14,6
10197,18,6
10198,19,1
10199,8,1
10200,15,4
10201,17,3
10202,18,7
10203,6,3
10204,18,7
10205,10,3
10206,16,2
10207,14,6
10208,7,3
10209,13,7
10210,15,6
10211,17,1
10212,17,3
10213,6,5
10214,1,7
10215,19,4
10216,11,2
10217,15,2
10218,15,6
10219,12,7
10220,20,6
10221,19,2
10222,6,3
10223,16,2
10224,13,6
10225,19,2
10226,9,2
10227,17,6
10228,18,3
10229,18,2
10230,7,6
10231,17,3
10232,1,7
10233,1,7
10234,5,4
10235,1,3
10236,13,5
10237,5,5
10238,14,2
10239,11,6
10240,4,7
10241,13,4
10242,12,1
10243,17,6
10244,9,1
10245,9,4
10246,11,2
10247,16,2
10248,18,6
10249,17,3
10250,15,5
10251,1,4
10252,4,6
10253,15,7
10254,11,5
10255,17,4
10256,7,1
10257,11,2
10258,7,2
10259,11,4
10260,18,5
10261,19,1
10262,10,5
10263,1,4
10264,8,7
10265,6,2
10266,5,4
10267,9,4
10268,4,4
10269,11,7
10270,2,4
10271,8,3
10272,3,3
10273,1,1
10274,11,6
10275,7,4
10276,2,1
10277,19,6
10278,2,7
10279,15,2
10280,12,7
10281,11,7
10282,2,3
10283,5,2
10284,17,3
10285,1,1
10286,5,6
10287,20,4
10288,11,7
10289,14,3
10290,14,4
10291,19,7
10292,1,4
10293,5,5
10294,15,7
10295,14,6
10296,2,6
10297,11,7
10298,19,1
10299,20,3
10300,3,4
10301,8,4
10302,9,1
10303,15,7
10304,12,5
10305,8,3
10306,5,6
10307,20,5
10308,13,5
10309,3,7
10310,4,1
10311,4,4
10312,8,7
10313,12,1
10314,11,2
10315,19,4
10316,17,1
10317,20,5
10318,7,3
10319,7,2
10320,16,2
10321,11,7
10322,19,4
10323,15,3
10324,20,5
10325,5,1
10326,5,4
10327,4,2
10328,1,3
10329,17,4
10330,12,1
10331,2,5
10332,2,1
10333,12,7
10334,11,5
10335,13,4
10336,9,2
10337,11,4
10338,8,5
10339,11,6
10340,7,4
10341,6,1
10342,1,7
10343,14,7
10344,20,7
10345,20,1
10346,17,5
10347,5,2
10348,6,5
10349,2,5
10350,12,5
10351,1,7
10352,1,6
10353,12,2
10354,13,5
10355,20,3
10356,20,2
10357,2,5
10358,20,5
10359,5,7
10360,6,4
10361,8,7
10362,17,2
10363,4,5
10364,20,2
10365,3,5
10366,16,7
10367,2,4
10368,16,7
10369,8,7
10370,7,1
10371,19,2
10372,15,2
10373,2,3
10374,7,2
10375,15,7
10376,12,3
10377,1,2
10378,5,4
10379,16,5
10380,2,3
10381,3,4
10382,10,4
10383,11,2
10384,14,4
10385,18,7
10386,16,3
10387,8,2
10388,17,4
10389,17,3
10390,14,2
10391,9,5
10392,5,6
10393,12,5
10394,18,5
10395,17,7
10396,12,4
10397,5,3
10398,1,7
10399,3,3
10400,19,1
10401,13,5
10402,19,1
10403,1,3
10404,14,1
10405,18,4
10406,20,2
10407,15,6
10408,6,3
10409,17,6
10410,4,5
10411,13,4
10412,6,6
10413,1,4
10414,3,5
10415,14,5
10416,18,5
10417,20,2
10418,11,7
10419,20,6
10420,10,5
10421,10,4
10422,20,1
10423,18,3
10424,13,4
10425,15,5
10426,3,7
10427,16,7
10428,14,7
10429,2,6
10430,11,3
10431,8,1
10432,17,5
10433,20,5
10434,12,7
10435,4,7
10436,7,1
10437,16,1
10438,10,4
10439,10,5
10440,18,3
10441,2,7
10442,8,5
10443,9,6
10444,5,4
10445,12,1
10446,10,7
10447,3,1
10448,16,4
10449,13,1
10450,2,1
10451,18,6
10452,16,2
10453,4,7
10454,9,5
10455,6,6
10456,5,3
10457,16,1
10458,4,7
10459,3,1
10460,5,1
10461,1,4
10462,6,6
10463,12,5
10464,4,6
10465,20,5
10466,20,7
10467,9,5
10468,2,6
10469,18,2
10470,13,5
10471,18,4
10472,19,2
10473,12,5
10474,5,2
10475,8,6
10476,15,7
10477,14,7
10478,10,2
10479,20,2
10480,9,6
10481,13,4
10482,6,4
10483,9,7
10484,6,5
10485,14,5
10486,17,7
10487,15,2
10488,18,7
10489,13,4
10490,13,7
10491,8,2
10492,6,3
10493,3,7
10494,8,6
10495,17,6
10496,7,5
10497,18,4
10498,19,7
10499,12,4
10500,2,3